Date,positions,shares,cash,holdings,total,close,signal,returns
12/9/2012,4777,4777,12.613,99987.387,100000,20.931,-1,
13/9/2012,4777,0,98958.614,0,98958.614,20.713,-1,-0.01041386
14/9/2012,0,0,98958.614,0,98958.614,22,-1,0
17/9/2012,0,0,98958.614,0,98958.614,21.52,-1,0
18/9/2012,0,0,98958.614,0,98958.614,21.87,0,0
19/9/2012,0,0,98958.614,0,98958.614,23.29,-1,0
20/9/2012,0,0,98958.614,0,98958.614,22.59,-1,0
21/9/2012,0,0,98958.614,0,98958.614,22.86,-1,0
24/9/2012,0,0,98958.614,0,98958.614,20.79,0,0
25/9/2012,0,0,98958.614,0,98958.614,20.28,0,0
26/9/2012,4799,4799,3.234,98955.38,98958.614,20.62,1,0
27/9/2012,0,4799,3.234,97515.68,97518.914,20.32,0,-0.014548506
28/9/2012,0,4799,3.234,103946.34,103949.574,21.66,0,0.065942695
1/10/2012,4799,0,105533.244,0,105533.244,21.99,-1,0.015234983
2/10/2012,0,0,105533.244,0,105533.244,22.27,0,0
3/10/2012,4834,4834,7.024,105526.22,105533.244,21.83,1,0
4/10/2012,0,4834,7.024,106096.632,106103.656,21.948,0,0.005405046
5/10/2012,0,4834,7.024,101078.94,101085.964,20.91,1,-0.047290472
9/10/2012,4834,0,97784.342,0,97784.342,20.227,-1,-0.032661528
10/10/2012,0,0,97784.342,0,97784.342,19.64,0,0
11/10/2012,0,0,97784.342,0,97784.342,19.75,-1,0
12/10/2012,0,0,97784.342,0,97784.342,19.518,0,0
15/10/2012,5009,5009,8.662,97775.68,97784.342,19.52,1,0
16/10/2012,0,5009,8.662,97575.32,97583.982,19.48,0,-0.002048999
17/10/2012,0,5009,8.662,99578.92,99587.582,19.88,0,0.020532058
18/10/2012,0,5009,8.662,95045.775,95054.437,18.975,1,-0.045519179
19/10/2012,0,5009,8.662,95171,95179.662,19,1,0.001317403
22/10/2012,0,5009,8.662,96778.889,96787.551,19.321,0,0.016893199
23/10/2012,0,5009,8.662,97675.5,97684.162,19.5,1,0.009263702
24/10/2012,0,5009,8.662,116359.07,116367.732,23.23,0,0.19126509
25/10/2012,0,5009,8.662,113003.04,113011.702,22.56,1,-0.028839868
26/10/2012,0,5009,8.662,109912.487,109921.149,21.943,0,-0.027347195
29/10/2012,0,5009,8.662,109912.487,109921.149,21.943,0,0
30/10/2012,0,5009,8.662,109912.487,109921.149,21.943,0,0
31/10/2012,0,5009,8.662,105739.99,105748.652,21.11,0,-0.037959001
1/11/2012,5009,0,106249.552,0,106249.552,21.21,-1,0.004736703
2/11/2012,0,0,106249.552,0,106249.552,21.18,0,0
5/11/2012,0,0,106249.552,0,106249.552,21.25,0,0
6/11/2012,5018,5018,13.474,106236.078,106249.552,21.171,1,0
7/11/2012,0,5018,13.474,102718.46,102731.934,20.47,0,-0.033107133
8/11/2012,0,5018,13.474,100309.82,100323.294,19.99,1,-0.023445874
9/11/2012,0,5018,13.474,96395.78,96409.254,19.21,1,-0.039014269
13/11/2012,0,5018,13.474,99657.48,99670.954,19.86,1,0.033831815
14/11/2012,0,5018,13.474,112202.48,112215.954,22.36,0,0.125864151
15/11/2012,0,5018,13.474,111249.06,111262.534,22.17,0,-0.008496296
16/11/2012,5018,0,118242.572,0,118242.572,23.561,-1,0.062734847
19/11/2012,0,0,118242.572,0,118242.572,22.92,0,0
20/11/2012,0,0,118242.572,0,118242.572,23.1,-1,0
21/11/2012,0,0,118242.572,0,118242.572,24.32,-1,0
23/11/2012,0,0,118242.572,0,118242.572,23.998,-1,0
26/11/2012,0,0,118242.572,0,118242.572,25.94,-1,0
27/11/2012,0,0,118242.572,0,118242.572,26.15,-1,0
28/11/2012,0,0,118242.572,0,118242.572,26.36,-1,0
29/11/2012,0,0,118242.572,0,118242.572,27.32,-1,0
30/11/2012,0,0,118242.572,0,118242.572,28,-1,0
3/12/2012,0,0,118242.572,0,118242.572,27.04,-1,0
4/12/2012,0,0,118242.572,0,118242.572,27.46,-1,0
5/12/2012,0,0,118242.572,0,118242.572,27.71,-1,0
6/12/2012,0,0,118242.572,0,118242.572,26.97,-1,0
7/12/2012,0,0,118242.572,0,118242.572,27.485,-1,0
10/12/2012,0,0,118242.572,0,118242.572,27.84,-1,0
11/12/2012,0,0,118242.572,0,118242.572,27.98,-1,0
12/12/2012,0,0,118242.572,0,118242.572,27.58,0,0
13/12/2012,0,0,118242.572,0,118242.572,28.24,0,0
14/12/2012,0,0,118242.572,0,118242.572,26.812,-1,0
17/12/2012,0,0,118242.572,0,118242.572,26.75,-1,0
18/12/2012,0,0,118242.572,0,118242.572,27.71,-1,0
19/12/2012,0,0,118242.572,0,118242.572,27.41,0,0
20/12/2012,4321,4321,20.012,118222.56,118242.572,27.36,1,0
21/12/2012,4321,0,113489.472,0,113489.472,26.26,-1,-0.040197874
24/12/2012,0,0,113489.472,0,113489.472,26.93,-1,0
26/12/2012,0,0,113489.472,0,113489.472,26.51,0,0
27/12/2012,0,0,113489.472,0,113489.472,26.05,0,0
28/12/2012,4379,4379,25.203,113464.269,113489.472,25.911,1,0
31/12/2012,4379,0,116594.183,0,116594.183,26.62,-1,0.027356819
2/1/2013,0,0,116594.183,0,116594.183,28,-1,0
3/1/2013,0,0,116594.183,0,116594.183,27.77,0,0
4/1/2013,0,0,116594.183,0,116594.183,28.76,-1,0
7/1/2013,0,0,116594.183,0,116594.183,29.421,0,0
8/1/2013,4012,4012,1.451,116592.732,116594.183,29.061,1,0
9/1/2013,4012,0,122728.531,0,122728.531,30.59,-1,0.052612813
10/1/2013,0,0,122728.531,0,122728.531,31.3,0,0
11/1/2013,0,0,122728.531,0,122728.531,31.72,-1,0
14/1/2013,0,0,122728.531,0,122728.531,30.948,0,0
15/1/2013,0,0,122728.531,0,122728.531,30.1,0,0
16/1/2013,0,0,122728.531,0,122728.531,29.85,0,0
17/1/2013,0,0,122728.531,0,122728.531,30.14,0,0
18/1/2013,0,0,122728.531,0,122728.531,29.66,-1,0
22/1/2013,0,0,122728.531,0,122728.531,30.729,0,0
23/1/2013,0,0,122728.531,0,122728.531,30.82,0,0
24/1/2013,0,0,122728.531,0,122728.531,31.08,-1,0
25/1/2013,0,0,122728.531,0,122728.531,31.54,-1,0
28/1/2013,0,0,122728.531,0,122728.531,32.469,-1,0
29/1/2013,3985,3985,30.381,122698.15,122728.531,30.79,1,0
30/1/2013,0,3985,30.381,124491.4,124521.781,31.24,1,0.014611517
31/1/2013,0,3985,30.381,123459.285,123489.666,30.981,0,-0.00828863
1/2/2013,0,3985,30.381,118474.05,118504.431,29.73,0,-0.040369653
4/2/2013,0,3985,30.381,112014.365,112044.746,28.109,0,-0.054510071
5/2/2013,0,3985,30.381,114130.4,114160.781,28.64,0,0.018885624
6/2/2013,3985,0,115794.631,0,115794.631,29.05,-1,0.014311833
7/2/2013,0,0,115794.631,0,115794.631,28.65,-1,0
8/2/2013,0,0,115794.631,0,115794.631,28.545,0,0
11/2/2013,0,0,115794.631,0,115794.631,28.26,-1,0
12/2/2013,4230,4230,19.531,115775.1,115794.631,27.37,1,0
13/2/2013,4230,0,118070.371,0,118070.371,27.908,-1,0.019653243
14/2/2013,0,0,118070.371,0,118070.371,28.5,-1,0
15/2/2013,4169,4169,4.291,118066.08,118070.371,28.32,1,0
19/2/2013,0,4169,4.291,120609.17,120613.461,28.93,0,0.021538765
20/2/2013,0,4169,4.291,118658.078,118662.369,28.462,1,-0.016176403
21/2/2013,0,4169,4.291,113742.827,113747.118,27.283,1,-0.041422155
22/2/2013,0,4169,4.291,113104.97,113109.261,27.13,1,-0.005607676
25/2/2013,0,4169,4.291,113688.63,113692.921,27.27,1,0.005160143
26/2/2013,0,4169,4.291,114188.91,114193.201,27.39,1,0.004400274
27/2/2013,4169,0,112025.321,0,112025.321,26.87,-1,-0.018984318
28/2/2013,4111,4111,0.571,112024.75,112025.321,27.25,1,0
1/3/2013,0,4111,0.571,114203.58,114204.151,27.78,0,0.019449442
4/3/2013,0,4111,0.571,113956.92,113957.491,27.72,0,-0.002159816
5/3/2013,4111,0,113135.291,0,113135.291,27.52,-1,-0.007214971
6/3/2013,0,0,113135.291,0,113135.291,27.453,-1,0
7/3/2013,0,0,113135.291,0,113135.291,28.578,0,0
8/3/2013,0,0,113135.291,0,113135.291,27.96,0,0
11/3/2013,0,0,113135.291,0,113135.291,28.14,0,0
12/3/2013,0,0,113135.291,0,113135.291,27.83,-1,0
13/3/2013,4177,4177,22.131,113113.16,113135.291,27.08,1,0
14/3/2013,0,4177,22.131,112946.08,112968.211,27.04,0,-0.001476816
15/3/2013,0,4177,22.131,111296.165,111318.296,26.645,1,-0.014605126
18/3/2013,4177,0,110670.861,0,110670.861,26.49,-1,-0.00581607
19/3/2013,0,0,110670.861,0,110670.861,26.55,-1,0
20/3/2013,0,0,110670.861,0,110670.861,25.86,0,0
21/3/2013,0,0,110670.861,0,110670.861,25.74,-1,0
22/3/2013,0,0,110670.861,0,110670.861,25.73,-1,0
25/3/2013,0,0,110670.861,0,110670.861,25.131,0,0
26/3/2013,4390,4390,20.911,110649.95,110670.861,25.205,1,0
27/3/2013,0,4390,20.911,114535.1,114556.011,26.09,0,0.035105447
28/3/2013,0,4390,20.911,112296.2,112317.111,25.58,1,-0.019544151
1/4/2013,4390,0,112097.611,0,112097.611,25.53,-1,-0.001954288
2/4/2013,0,0,112097.611,0,112097.611,25.42,-1,0
3/4/2013,4270,4270,10.111,112087.5,112097.611,26.25,1,0
4/4/2013,0,4270,10.111,115601.71,115611.821,27.073,1,0.031349553
5/4/2013,0,4270,10.111,116955.3,116965.411,27.39,1,0.011708059
8/4/2013,4270,0,114655.341,0,114655.341,26.849,-1,-0.019750027
9/4/2013,0,0,114655.341,0,114655.341,26.59,-1,0
10/4/2013,0,0,114655.341,0,114655.341,27.57,-1,0
11/4/2013,0,0,114655.341,0,114655.341,28.018,-1,0
12/4/2013,0,0,114655.341,0,114655.341,27.4,0,0
15/4/2013,0,0,114655.341,0,114655.341,26.52,0,0
16/4/2013,0,0,114655.341,0,114655.341,26.92,-1,0
17/4/2013,4306,4306,8.091,114647.25,114655.341,26.625,1,0
18/4/2013,0,4306,8.091,110621.14,110629.231,25.69,1,-0.035114893
19/4/2013,0,4306,8.091,110793.38,110801.471,25.73,1,0.001556912
22/4/2013,4306,0,111834.911,0,111834.911,25.97,-1,0.009326952
23/4/2013,4304,4304,16.991,111817.92,111834.911,25.98,1,0
24/4/2013,0,4304,16.991,112377.44,112394.431,26.11,0,0.005003089
25/4/2013,4304,0,112523.551,0,112523.551,26.14,-1,0.001148811
26/4/2013,0,0,112523.551,0,112523.551,26.85,-1,0
29/4/2013,0,0,112523.551,0,112523.551,26.98,-1,0
30/4/2013,0,0,112523.551,0,112523.551,27.769,-1,0
1/5/2013,0,0,112523.551,0,112523.551,27.43,0,0
2/5/2013,0,0,112523.551,0,112523.551,28.97,-1,0
3/5/2013,0,0,112523.551,0,112523.551,28.311,-1,0
6/5/2013,0,0,112523.551,0,112523.551,27.57,-1,0
7/5/2013,0,0,112523.551,0,112523.551,26.889,-1,0
8/5/2013,0,0,112523.551,0,112523.551,27.12,0,0
9/5/2013,0,0,112523.551,0,112523.551,27.04,-1,0
10/5/2013,0,0,112523.551,0,112523.551,26.68,0,0
13/5/2013,0,0,112523.551,0,112523.551,26.82,-1,0
14/5/2013,0,0,112523.551,0,112523.551,27.07,-1,0
15/5/2013,0,0,112523.551,0,112523.551,26.6,0,0
16/5/2013,0,0,112523.551,0,112523.551,26.13,0,0
17/5/2013,4286,4286,16.051,112507.5,112523.551,26.25,1,0
20/5/2013,0,4286,16.051,110403.074,110419.125,25.759,0,-0.018702094
21/5/2013,0,4286,16.051,109978.76,109994.811,25.66,0,-0.003842758
22/5/2013,0,4286,16.051,107831.474,107847.525,25.159,0,-0.019521703
23/5/2013,4286,0,107423.211,0,107423.211,25.06,-1,-0.003934388
24/5/2013,0,0,107423.211,0,107423.211,24.313,-1,0
28/5/2013,0,0,107423.211,0,107423.211,24.1,0,0
29/5/2013,0,0,107423.211,0,107423.211,23.32,0,0
30/5/2013,0,0,107423.211,0,107423.211,24.55,-1,0
31/5/2013,0,0,107423.211,0,107423.211,24.348,0,0
3/6/2013,0,0,107423.211,0,107423.211,23.848,0,0
4/6/2013,4567,4567,7.371,107415.84,107423.211,23.52,1,0
5/6/2013,0,4567,7.371,104579.733,104587.104,22.899,1,-0.02640125
6/6/2013,0,4567,7.371,104903.99,104911.361,22.97,1,0.003100354
7/6/2013,0,4567,7.371,106369.997,106377.368,23.291,0,0.013973768
10/6/2013,4567,0,111122.481,0,111122.481,24.33,-1,0.044606415
11/6/2013,0,0,111122.481,0,111122.481,24.03,0,0
12/6/2013,0,0,111122.481,0,111122.481,23.77,0,0
13/6/2013,0,0,111122.481,0,111122.481,23.73,0,0
14/6/2013,0,0,111122.481,0,111122.481,23.63,-1,0
17/6/2013,0,0,111122.481,0,111122.481,24.022,-1,0
18/6/2013,0,0,111122.481,0,111122.481,24.21,-1,0
19/6/2013,0,0,111122.481,0,111122.481,24.309,0,0
20/6/2013,4649,4649,11.381,111111.1,111122.481,23.9,1,0
21/6/2013,0,4649,11.381,114039.97,114051.351,24.53,0,0.026357133
24/6/2013,0,4649,11.381,111273.815,111285.196,23.935,1,-0.024253593
25/6/2013,0,4649,11.381,112738.25,112749.631,24.25,0,0.013159297
26/6/2013,0,4649,11.381,112319.84,112331.221,24.16,0,-0.003710966
27/6/2013,0,4649,11.381,114644.34,114655.721,24.66,0,0.020693267
28/6/2013,0,4649,11.381,115667.12,115678.501,24.88,1,0.008920445
1/7/2013,0,4649,11.381,115341.69,115353.071,24.81,0,-0.002813228
2/7/2013,0,4649,11.381,113482.09,113493.471,24.41,0,-0.016120941
3/7/2013,4649,0,114004.861,0,114004.861,24.52,-1,0.004505898
5/7/2013,0,0,114004.861,0,114004.861,24.37,0,0
8/7/2013,0,0,114004.861,0,114004.861,24.71,-1,0
9/7/2013,0,0,114004.861,0,114004.861,25.48,-1,0
10/7/2013,0,0,114004.861,0,114004.861,25.8,-1,0
11/7/2013,0,0,114004.861,0,114004.861,25.81,-1,0
12/7/2013,0,0,114004.861,0,114004.861,25.91,-1,0
15/7/2013,0,0,114004.861,0,114004.861,26.28,-1,0
16/7/2013,0,0,114004.861,0,114004.861,26.32,-1,0
17/7/2013,0,0,114004.861,0,114004.861,26.65,0,0
18/7/2013,0,0,114004.861,0,114004.861,26.18,0,0
19/7/2013,4404,4404,24.937,113979.924,114004.861,25.881,1,0
22/7/2013,4404,0,114727.117,0,114727.117,26.045,-1,0.006335309
23/7/2013,0,0,114727.117,0,114727.117,26.13,-1,0
24/7/2013,0,0,114727.117,0,114727.117,26.51,0,0
25/7/2013,0,0,114727.117,0,114727.117,34.359,0,0
26/7/2013,0,0,114727.117,0,114727.117,34.01,-1,0
29/7/2013,0,0,114727.117,0,114727.117,35.43,-1,0
30/7/2013,0,0,114727.117,0,114727.117,37.627,-1,0
31/7/2013,0,0,114727.117,0,114727.117,36.8,-1,0
1/8/2013,0,0,114727.117,0,114727.117,37.489,-1,0
2/8/2013,0,0,114727.117,0,114727.117,38.05,0,0
5/8/2013,0,0,114727.117,0,114727.117,39.189,-1,0
6/8/2013,0,0,114727.117,0,114727.117,38.55,-1,0
7/8/2013,0,0,114727.117,0,114727.117,38.87,0,0
8/8/2013,2976,2976,32.077,114695.04,114727.117,38.54,1,0
9/8/2013,0,2976,32.077,114576,114608.077,38.5,0,-0.001037593
12/8/2013,0,2976,32.077,113742.72,113774.797,38.22,1,-0.007270692
13/8/2013,2976,0,110200.621,0,110200.621,37.019,-1,-0.031414479
14/8/2013,0,0,110200.621,0,110200.621,36.65,-1,0
15/8/2013,0,0,110200.621,0,110200.621,36.56,0,0
16/8/2013,2971,2971,35.941,110164.68,110200.621,37.08,1,0
19/8/2013,2971,0,112369.451,0,112369.451,37.81,-1,0.019680742
20/8/2013,0,0,112369.451,0,112369.451,38.41,-1,0
21/8/2013,0,0,112369.451,0,112369.451,38.32,0,0
22/8/2013,2914,2914,34.751,112334.7,112369.451,38.55,1,0
23/8/2013,2914,0,118197.451,0,118197.451,40.55,-1,0.05186463
26/8/2013,0,0,118197.451,0,118197.451,41.34,-1,0
27/8/2013,0,0,118197.451,0,118197.451,39.64,0,0
28/8/2013,2915,2915,0.031,118197.42,118197.451,40.548,1,0
29/8/2013,0,2915,0.031,120331.2,120331.231,41.28,0,0.018052674
30/8/2013,2915,0,120372.041,0,120372.041,41.294,-1,0.000339147
3/9/2013,0,0,120372.041,0,120372.041,41.87,-1,0
4/9/2013,0,0,120372.041,0,120372.041,41.78,0,0
5/9/2013,0,0,120372.041,0,120372.041,42.66,-1,0
6/9/2013,0,0,120372.041,0,120372.041,43.95,0,0
9/9/2013,0,0,120372.041,0,120372.041,44.04,-1,0
10/9/2013,0,0,120372.041,0,120372.041,43.6,0,0
11/9/2013,0,0,120372.041,0,120372.041,45.04,0,0
12/9/2013,2689,2689,39.291,120332.75,120372.041,44.75,1,0
13/9/2013,0,2689,39.291,119149.59,119188.881,44.31,1,-0.009829193
16/9/2013,0,2689,39.291,114309.39,114348.681,42.51,0,-0.040609493
17/9/2013,0,2689,39.291,121193.23,121232.521,45.07,1,0.060200432
18/9/2013,2689,0,121662.761,0,121662.761,45.23,-1,0.003548883
19/9/2013,2645,2645,45.661,121617.1,121662.761,45.98,1,0
20/9/2013,2645,0,125656.711,0,125656.711,47.49,-1,0.03282804
23/9/2013,0,0,125656.711,0,125656.711,47.19,-1,0
24/9/2013,0,0,125656.711,0,125656.711,48.45,0,0
25/9/2013,2540,2540,28.311,125628.4,125656.711,49.46,1,0
26/9/2013,0,2540,28.311,127990.6,128018.911,50.39,1,0.018798837
27/9/2013,0,2540,28.311,130149.6,130177.911,51.24,0,0.016864696
30/9/2013,0,2540,28.311,127584.2,127612.511,50.23,0,-0.019706876
1/10/2013,0,2540,28.311,128066.8,128095.111,50.42,1,0.003781761
2/10/2013,2540,0,127739.511,0,127739.511,50.28,-1,-0.002776062
3/10/2013,2597,2597,11.26,127728.251,127739.511,49.183,1,0
4/10/2013,0,2597,11.26,132550.88,132562.14,51.04,0,0.03775362
7/10/2013,2597,0,131198.715,0,131198.715,50.515,-1,-0.010285176
8/10/2013,0,0,131198.715,0,131198.715,47.14,0,0
9/10/2013,2805,2805,8.865,131189.85,131198.715,46.77,1,0
10/10/2013,0,2805,8.865,137585.25,137594.115,49.05,0,0.048745904
11/10/2013,0,2805,8.865,137753.55,137762.415,49.11,1,0.001223163
15/10/2013,2805,0,138856.365,0,138856.365,49.5,-1,0.007940845
16/10/2013,0,0,138856.365,0,138856.365,51.135,-1,0
17/10/2013,0,0,138856.365,0,138856.365,52.21,-1,0
18/10/2013,0,0,138856.365,0,138856.365,54.22,0,0
21/10/2013,0,0,138856.365,0,138856.365,53.85,0,0
22/10/2013,2636,2636,5.065,138851.3,138856.365,52.675,1,0
23/10/2013,2636,0,136813.465,0,136813.465,51.9,-1,-0.014712325
24/10/2013,0,0,136813.465,0,136813.465,52.445,0,0
25/10/2013,0,0,136813.465,0,136813.465,51.95,0,0
28/10/2013,2723,2723,39.898,136773.567,136813.465,50.229,1,0
29/10/2013,0,2723,39.898,134502.585,134542.483,49.395,1,-0.016599112
30/10/2013,0,2723,39.898,133454.23,133494.128,49.01,1,-0.007792
31/10/2013,0,2723,39.898,136708.215,136748.113,50.205,1,0.024375492
1/11/2013,0,2723,39.898,135469.25,135509.148,49.75,1,-0.009060198
4/11/2013,0,2723,39.898,131303.06,131342.958,48.22,1,-0.030744714
5/11/2013,2723,0,136475.813,0,136475.813,50.105,-1,0.039079788
6/11/2013,2778,2778,20.453,136455.36,136475.813,49.12,1,0
7/11/2013,0,2778,20.453,132121.68,132142.133,47.56,0,-0.031754198
8/11/2013,0,2778,20.453,132038.34,132058.793,47.53,1,-0.000630685
12/11/2013,0,2778,20.453,129468.69,129489.143,46.605,1,-0.019458379
13/11/2013,0,2778,20.453,135316.38,135336.833,48.71,0,0.045159693
14/11/2013,0,2778,20.453,136094.22,136114.673,48.99,1,0.005747438
15/11/2013,0,2778,20.453,136149.78,136170.233,49.01,1,0.000408185
18/11/2013,0,2778,20.453,127315.74,127336.193,45.83,0,-0.064874972
19/11/2013,0,2778,20.453,128788.08,128808.533,46.36,1,0.01156262
20/11/2013,0,2778,20.453,128982.54,129002.993,46.43,0,0.001509683
21/11/2013,2778,0,129753.053,0,129753.053,46.7,-1,0.005814284
22/11/2013,2806,2806,31.673,129721.38,129753.053,46.23,1,0
25/11/2013,0,2806,31.673,125764.92,125796.593,44.82,0,-0.03049223
26/11/2013,0,2806,31.673,128767.34,128799.013,45.89,0,0.02386726
27/11/2013,0,2806,31.673,130450.94,130482.613,46.49,1,0.013071529
29/11/2013,0,2806,31.673,131910.06,131941.733,47.01,0,0.011182486
2/12/2013,0,2806,31.673,132050.36,132082.033,47.06,1,0.001063348
3/12/2013,0,2806,31.673,131124.38,131156.053,46.73,1,-0.007010643
4/12/2013,2806,0,136459.393,0,136459.393,48.62,-1,0.040435343
5/12/2013,0,0,136459.393,0,136459.393,48.34,0,0
6/12/2013,0,0,136459.393,0,136459.393,47.94,-1,0
9/12/2013,0,0,136459.393,0,136459.393,48.84,0,0
10/12/2013,0,0,136459.393,0,136459.393,50.245,-1,0
11/12/2013,0,0,136459.393,0,136459.393,49.38,-1,0
12/12/2013,0,0,136459.393,0,136459.393,51.83,-1,0
13/12/2013,0,0,136459.393,0,136459.393,53.32,-1,0
16/12/2013,0,0,136459.393,0,136459.393,53.81,-1,0
17/12/2013,0,0,136459.393,0,136459.393,54.86,-1,0
18/12/2013,0,0,136459.393,0,136459.393,55.57,-1,0
19/12/2013,0,0,136459.393,0,136459.393,55.05,0,0
20/12/2013,0,0,136459.393,0,136459.393,55.12,-1,0
23/12/2013,0,0,136459.393,0,136459.393,57.77,0,0
24/12/2013,0,0,136459.393,0,136459.393,57.96,-1,0
26/12/2013,0,0,136459.393,0,136459.393,57.73,-1,0
27/12/2013,2461,2461,21.553,136437.84,136459.393,55.44,1,0
30/12/2013,0,2461,21.553,132180.31,132201.863,53.71,0,-0.031199978
31/12/2013,2461,0,134512.742,0,134512.742,54.649,-1,0.017479928
2/1/2014,0,0,134512.742,0,134512.742,54.71,0,0
3/1/2014,2465,2465,29.737,134483.005,134512.742,54.557,1,0
6/1/2014,2465,0,141027.737,0,141027.737,57.2,-1,0.048434036
7/1/2014,0,0,141027.737,0,141027.737,57.92,-1,0
8/1/2014,0,0,141027.737,0,141027.737,58.23,-1,0
9/1/2014,0,0,141027.737,0,141027.737,57.22,0,0
10/1/2014,0,0,141027.737,0,141027.737,57.94,0,0
13/1/2014,2522,2522,22.717,141005.02,141027.737,55.91,1,0
14/1/2014,0,2522,22.717,145620.28,145642.997,57.74,0,0.032725903
15/1/2014,2522,0,145289.917,0,145289.917,57.6,-1,-0.002424284
16/1/2014,2540,2540,27.317,145262.6,145289.917,57.19,1,0
17/1/2014,0,2540,27.317,143002,143029.317,56.3,1,-0.015559235
21/1/2014,0,2540,27.317,148615.4,148642.717,58.51,0,0.039246499
22/1/2014,0,2540,27.317,146075.4,146102.717,57.51,0,-0.017087955
23/1/2014,0,2540,27.317,143840.2,143867.517,56.63,0,-0.015298826
24/1/2014,0,2540,27.317,138303,138330.317,54.45,0,-0.038488188
27/1/2014,2540,0,136044.317,0,136044.317,53.55,-1,-0.016525662
28/1/2014,2467,2467,13.937,136030.38,136044.317,55.14,1,0
29/1/2014,0,2467,13.937,132058.51,132072.447,53.53,1,-0.029195413
30/1/2014,0,2467,13.937,150684.36,150698.297,61.08,0,0.141027523
31/1/2014,0,2467,13.937,154360.19,154374.127,62.57,0,0.024391981
3/2/2014,0,2467,13.937,151671.16,151685.097,61.48,0,-0.017418916
4/2/2014,2467,0,154818.187,0,154818.187,62.75,-1,0.020655226
5/2/2014,0,0,154818.187,0,154818.187,62.19,-1,0
6/2/2014,0,0,154818.187,0,154818.187,62.16,0,0
7/2/2014,0,0,154818.187,0,154818.187,64.32,0,0
10/2/2014,0,0,154818.187,0,154818.187,63.548,0,0
11/2/2014,0,0,154818.187,0,154818.187,64.851,0,0
12/2/2014,0,0,154818.187,0,154818.187,64.45,-1,0
13/2/2014,0,0,154818.187,0,154818.187,67.33,-1,0
14/2/2014,2307,2307,41.557,154776.63,154818.187,67.09,1,0
18/2/2014,0,2307,41.557,155261.1,155302.657,67.3,0,0.003129284
19/2/2014,0,2307,41.557,157014.42,157055.977,68.06,0,0.011289697
20/2/2014,0,2307,41.557,160636.41,160677.967,69.63,0,0.023061778
21/2/2014,2307,0,158278.687,0,158278.687,68.59,-1,-0.014932228
24/2/2014,0,0,158278.687,0,158278.687,70.78,0,0
25/2/2014,2265,2265,68.437,158210.25,158278.687,69.85,1,0
26/2/2014,0,2265,68.437,156873.9,156942.337,69.26,0,-0.008443019
27/2/2014,0,2265,68.437,156149.1,156217.537,68.94,0,-0.004618257
28/2/2014,0,2265,68.437,155061.9,155130.337,68.46,1,-0.006959526
3/3/2014,1,2266,1.027,152751.06,152752.087,67.41,1,-0.015330657
4/3/2014,0,2266,1.027,155900.8,155901.827,68.8,1,0.020619947
5/3/2014,0,2266,1.027,162177.62,162178.647,71.57,1,0.040261363
6/3/2014,0,2266,1.027,160523.44,160524.467,70.84,0,-0.01019974
7/3/2014,0,2266,1.027,158166.8,158167.827,69.8,0,-0.014680877
10/3/2014,2266,0,163221.007,0,163221.007,72.03,-1,0.031948217
11/3/2014,0,0,163221.007,0,163221.007,70.1,0,0
12/3/2014,2302,2302,55.247,163165.76,163221.007,70.88,1,0
13/3/2014,0,2302,55.247,158446.66,158501.907,68.83,1,-0.028912332
14/3/2014,0,2302,55.247,155891.44,155946.687,67.72,1,-0.016121068
17/3/2014,0,2302,55.247,158239.48,158294.727,68.74,0,0.015056684
18/3/2014,0,2302,55.247,159275.38,159330.627,69.19,0,0.006544122
19/3/2014,0,2302,55.247,157088.48,157143.727,68.24,1,-0.013725547
20/3/2014,0,2302,55.247,154164.94,154220.187,66.97,1,-0.018604242
21/3/2014,0,2302,55.247,154786.48,154841.727,67.24,0,0.004030212
24/3/2014,2302,0,147613.447,0,147613.447,64.1,-1,-0.046681732
25/3/2014,0,0,147613.447,0,147613.447,64.89,-1,0
26/3/2014,2444,2444,32.507,147580.94,147613.447,60.385,1,0
27/3/2014,2444,0,149043.187,0,149043.187,60.97,-1,0.009685703
28/3/2014,2483,2483,38.357,149004.83,149043.187,60.01,1,0
31/3/2014,0,2483,38.357,149575.92,149614.277,60.24,1,0.003831708
1/4/2014,0,2483,38.357,155485.46,155523.817,62.62,0,0.039498503
2/4/2014,0,2483,38.357,155733.76,155772.117,62.72,0,0.00159654
3/4/2014,0,2483,38.357,147713.67,147752.027,59.49,1,-0.051486044
4/4/2014,0,2483,38.357,140907.767,140946.124,56.749,0,-0.046063009
7/4/2014,2483,0,141445.207,0,141445.207,56.95,-1,0.003540949
8/4/2014,0,0,141445.207,0,141445.207,58.19,0,0
9/4/2014,0,0,141445.207,0,141445.207,62.41,-1,0
10/4/2014,2390,2390,52.807,141392.4,141445.207,59.16,1,0
11/4/2014,0,2390,52.807,139886.7,139939.507,58.53,1,-0.010645112
14/4/2014,0,2390,52.807,140747.1,140799.907,58.89,1,0.006148371
15/4/2014,0,2390,52.807,141225.1,141277.907,59.09,0,0.003394889
16/4/2014,0,2390,52.807,142730.8,142783.607,59.72,0,0.010657717
17/4/2014,0,2390,52.807,140866.6,140919.407,58.94,1,-0.013056121
21/4/2014,0,2390,52.807,146363.6,146416.407,61.24,1,0.039008112
22/4/2014,2390,0,150694.507,0,150694.507,63.03,-1,0.02921872
23/4/2014,0,0,150694.507,0,150694.507,61.36,-1,0
24/4/2014,0,0,150694.507,0,150694.507,60.87,0,0
25/4/2014,0,0,150694.507,0,150694.507,57.71,0,0
28/4/2014,2684,2684,14.747,150679.76,150694.507,56.14,1,0
29/4/2014,2684,0,156089.347,0,156089.347,58.15,-1,0.035799845
30/4/2014,0,0,156089.347,0,156089.347,59.78,-1,0
1/5/2014,0,0,156089.347,0,156089.347,61.15,-1,0
2/5/2014,2581,2581,42.087,156047.26,156089.347,60.46,1,0
5/5/2014,0,2581,42.087,158008.82,158050.907,61.22,1,0.012566905
6/5/2014,0,2581,42.087,151065.93,151108.017,58.53,1,-0.043928188
7/5/2014,0,2581,42.087,148123.59,148165.677,57.39,1,-0.019471766
8/5/2014,0,2581,42.087,146497.56,146539.647,56.76,1,-0.010974404
9/5/2014,0,2581,42.087,147736.44,147778.527,57.24,1,0.008454231
12/5/2014,2581,0,154463.317,0,154463.317,59.83,-1,0.045235192
13/5/2014,0,0,154463.317,0,154463.317,59.83,0,0
14/5/2014,2607,2607,50.707,154412.61,154463.317,59.23,1,0
15/5/2014,2607,0,151045.54,0,151045.54,57.919,-1,-0.022126788
16/5/2014,2603,2603,19.48,151026.06,151045.54,58.02,1,0
19/5/2014,2603,0,154143.11,0,154143.11,59.21,-1,0.020507524
20/5/2014,0,0,154143.11,0,154143.11,58.56,-1,0
21/5/2014,0,0,154143.11,0,154143.11,60.49,-1,0
22/5/2014,0,0,154143.11,0,154143.11,60.52,0,0
23/5/2014,0,0,154143.11,0,154143.11,61.351,-1,0
27/5/2014,0,0,154143.11,0,154143.11,63.48,-1,0
28/5/2014,0,0,154143.11,0,154143.11,63.51,0,0
29/5/2014,0,0,154143.11,0,154143.11,63.83,-1,0
30/5/2014,0,0,154143.11,0,154143.11,63.3,0,0
2/6/2014,0,0,154143.11,0,154143.11,63.08,0,0
3/6/2014,0,0,154143.11,0,154143.11,62.87,-1,0
4/6/2014,0,0,154143.11,0,154143.11,63.34,-1,0
5/6/2014,0,0,154143.11,0,154143.11,63.186,-1,0
6/6/2014,0,0,154143.11,0,154143.11,62.5,0,0
9/6/2014,0,0,154143.11,0,154143.11,62.88,-1,0
10/6/2014,0,0,154143.11,0,154143.11,65.77,-1,0
11/6/2014,0,0,154143.11,0,154143.11,65.781,-1,0
12/6/2014,0,0,154143.11,0,154143.11,64.29,0,0
13/6/2014,0,0,154143.11,0,154143.11,64.5,0,0
16/6/2014,0,0,154143.11,0,154143.11,64.19,0,0
17/6/2014,0,0,154143.11,0,154143.11,64.4,-1,0
18/6/2014,0,0,154143.11,0,154143.11,65.6,0,0
19/6/2014,0,0,154143.11,0,154143.11,64.342,-1,0
20/6/2014,0,0,154143.11,0,154143.11,64.5,0,0
23/6/2014,0,0,154143.11,0,154143.11,65.37,0,0
24/6/2014,0,0,154143.11,0,154143.11,65.72,-1,0
25/6/2014,0,0,154143.11,0,154143.11,67.44,-1,0
26/6/2014,0,0,154143.11,0,154143.11,67.13,0,0
27/6/2014,2280,2280,15.11,154128,154143.11,67.6,1,0
30/6/2014,0,2280,15.11,153421.2,153436.31,67.29,1,-0.004585349
1/7/2014,0,2280,15.11,155176.8,155191.91,68.06,0,0.011441881
2/7/2014,0,2280,15.11,151506,151521.11,66.45,1,-0.023653295
3/7/2014,0,2280,15.11,151141.2,151156.31,66.29,1,-0.002407585
7/7/2014,0,2280,15.11,148861.2,148876.31,65.29,1,-0.015083724
8/7/2014,0,2280,15.11,143092.8,143107.91,62.76,1,-0.038746259
9/7/2014,2280,0,148146.71,0,148146.71,64.97,-1,0.035209794
10/7/2014,2283,2283,41.651,148105.059,148146.71,64.873,1,0
11/7/2014,2283,0,151495.871,0,151495.871,66.34,-1,0.022607056
14/7/2014,0,0,151495.871,0,151495.871,67.9,-1,0
15/7/2014,2255,2255,38.796,151457.075,151495.871,67.165,1,0
16/7/2014,0,2255,38.796,152573.3,152612.096,67.66,1,0.007368023
17/7/2014,0,2255,38.796,149754.55,149793.346,66.41,1,-0.01847003
18/7/2014,0,2255,38.796,154287.1,154325.896,68.42,0,0.030258687
21/7/2014,0,2255,38.796,156497,156535.796,69.4,0,0.014319697
22/7/2014,0,2255,38.796,156203.85,156242.646,69.27,1,-0.001872735
23/7/2014,0,2255,38.796,160758.95,160797.746,71.29,1,0.029154012
24/7/2014,0,2255,38.796,169079.9,169118.696,74.98,1,0.051747927
25/7/2014,0,2255,38.796,169553.45,169592.246,75.19,0,0.002800104
28/7/2014,0,2255,38.796,168944.6,168983.396,74.92,0,-0.003590082
29/7/2014,2255,0,166254.846,0,166254.846,73.71,-1,-0.016146853
30/7/2014,0,0,166254.846,0,166254.846,74.677,0,0
31/7/2014,2288,2288,31.646,166223.2,166254.846,72.65,1,0
1/8/2014,0,2288,31.646,165559.68,165591.326,72.36,1,-0.003990981
4/8/2014,0,2288,31.646,168190.88,168222.526,73.51,0,0.015889721
5/8/2014,0,2288,31.646,166314.72,166346.366,72.69,1,-0.011152846
6/8/2014,2288,0,165843.006,0,165843.006,72.47,-1,-0.003025975
7/8/2014,2266,2266,39.786,165803.22,165843.006,73.17,1,0
8/8/2014,0,2266,39.786,165553.96,165593.746,73.06,0,-0.001502988
11/8/2014,2266,0,166454.826,0,166454.826,73.44,-1,0.005199955
12/8/2014,0,0,166454.826,0,166454.826,72.83,-1,0
13/8/2014,0,0,166454.826,0,166454.826,73.77,0,0
14/8/2014,0,0,166454.826,0,166454.826,74.296,0,0
15/8/2014,0,0,166454.826,0,166454.826,73.63,0,0
18/8/2014,2231,2231,44.536,166410.29,166454.826,74.59,1,0
19/8/2014,0,2231,44.536,167971.99,168016.526,75.29,0,0.009382125
20/8/2014,0,2231,44.536,166901.11,166945.646,74.81,0,-0.006373659
21/8/2014,2231,0,166410.206,0,166410.206,74.57,-1,-0.003207271
22/8/2014,2231,2231,44.536,166365.67,166410.206,74.57,1,0
25/8/2014,0,2231,44.536,167369.62,167414.156,75.02,1,0.006032983
26/8/2014,0,2231,44.536,169466.76,169511.296,75.96,0,0.012526659
27/8/2014,2231,0,166544.066,0,166544.066,74.63,-1,-0.017504615
28/8/2014,0,0,166544.066,0,166544.066,73.855,-1,0
29/8/2014,2225,2225,69.566,166474.5,166544.066,74.82,1,0
2/9/2014,2225,0,170682.566,0,170682.566,76.68,-1,0.024849279
3/9/2014,0,0,170682.566,0,170682.566,75.83,0,0
4/9/2014,0,0,170682.566,0,170682.566,75.95,0,0
5/9/2014,0,0,170682.566,0,170682.566,77.26,-1,0
8/9/2014,2191,2191,25.576,170656.99,170682.566,77.89,1,0
9/9/2014,0,2191,25.576,167983.97,168009.546,76.67,1,-0.015660768
10/9/2014,2191,0,169674.706,0,169674.706,77.43,-1,0.009911104
11/9/2014,2177,2177,42.866,169631.84,169674.706,77.92,1,0
12/9/2014,0,2177,42.866,168673.96,168716.826,77.48,1,-0.005645391
15/9/2014,2177,0,162403.526,0,162403.526,74.58,-1,-0.037419504
16/9/2014,0,0,162403.526,0,162403.526,76.08,0,0
17/9/2014,0,0,162403.526,0,162403.526,76.43,0,0
18/9/2014,2109,2109,10.526,162393,162403.526,77,1,0
19/9/2014,2109,0,164322.716,0,164322.716,77.91,-1,0.011817416
22/9/2014,2139,2139,47.516,164275.2,164322.716,76.8,1,0
23/9/2014,0,2139,47.516,167462.31,167509.826,78.29,1,0.019395432
24/9/2014,0,2139,47.516,167986.365,168033.881,78.535,1,0.003128503
25/9/2014,0,2139,47.516,165173.58,165221.096,77.22,0,-0.016739392
26/9/2014,2139,0,168579.326,0,168579.326,78.79,-1,0.020325673
29/9/2014,0,0,168579.326,0,168579.326,79,0,0
30/9/2014,0,0,168579.326,0,168579.326,79.04,0,0
1/10/2014,0,0,168579.326,0,168579.326,76.55,0,0
2/10/2014,0,0,168579.326,0,168579.326,77.08,0,0
3/10/2014,0,0,168579.326,0,168579.326,77.44,0,0
6/10/2014,0,0,168579.326,0,168579.326,77.555,0,0
7/10/2014,0,0,168579.326,0,168579.326,76.29,0,0
8/10/2014,0,0,168579.326,0,168579.326,77.52,0,0
9/10/2014,2220,2220,59.126,168520.2,168579.326,75.91,1,0
10/10/2014,0,2220,59.126,161860.2,161919.326,72.91,1,-0.039506624
14/10/2014,0,2220,59.126,163369.8,163428.926,73.59,1,0.009323161
15/10/2014,0,2220,59.126,162526.2,162585.326,73.21,0,-0.005161877
16/10/2014,2220,0,161297.726,0,161297.726,72.63,-1,-0.007919534
17/10/2014,2123,2123,55.876,161241.85,161297.726,75.95,1,0
20/10/2014,0,2123,55.876,163364.85,163420.726,76.95,1,0.013161996
21/10/2014,0,2123,55.876,167058.87,167114.746,78.69,0,0.022604354
22/10/2014,0,2123,55.876,166379.51,166435.386,78.37,1,-0.004065231
23/10/2014,0,2123,55.876,169924.92,169980.796,80.04,1,0.02130202
24/10/2014,0,2123,55.876,171262.41,171318.286,80.67,1,0.007868477
27/10/2014,0,2123,55.876,170434.44,170490.316,80.28,0,-0.004832934
28/10/2014,0,2123,55.876,171474.71,171530.586,80.77,1,0.006101637
29/10/2014,0,2123,55.876,161050.78,161106.656,75.86,0,-0.060770095
30/10/2014,0,2123,55.876,157335.53,157391.406,74.11,0,-0.02306081
31/10/2014,2123,0,159259.646,0,159259.646,74.99,-1,0.011870025
3/11/2014,0,0,159259.646,0,159259.646,73.88,-1,0
4/11/2014,0,0,159259.646,0,159259.646,75.76,-1,0
5/11/2014,0,0,159259.646,0,159259.646,74.83,-1,0
6/11/2014,0,0,159259.646,0,159259.646,75.26,-1,0
7/11/2014,0,0,159259.646,0,159259.646,75.6,0,0
10/11/2014,0,0,159259.646,0,159259.646,75,-1,0
12/11/2014,0,0,159259.646,0,159259.646,74.72,-1,0
13/11/2014,0,0,159259.646,0,159259.646,74.25,-1,0
14/11/2014,0,0,159259.646,0,159259.646,74.88,-1,0
17/11/2014,0,0,159259.646,0,159259.646,74.24,-1,0
18/11/2014,0,0,159259.646,0,159259.646,74.34,0,0
19/11/2014,0,0,159259.646,0,159259.646,73.33,-1,0
20/11/2014,0,0,159259.646,0,159259.646,73.6,-1,0
21/11/2014,0,0,159259.646,0,159259.646,73.75,0,0
24/11/2014,0,0,159259.646,0,159259.646,74.01,-1,0
25/11/2014,0,0,159259.646,0,159259.646,75.63,-1,0
26/11/2014,0,0,159259.646,0,159259.646,77.62,-1,0
28/11/2014,0,0,159259.646,0,159259.646,77.7,-1,0
1/12/2014,0,0,159259.646,0,159259.646,75.1,-1,0
2/12/2014,0,0,159259.646,0,159259.646,75.46,-1,0
3/12/2014,0,0,159259.646,0,159259.646,74.88,-1,0
4/12/2014,0,0,159259.646,0,159259.646,75.24,-1,0
5/12/2014,0,0,159259.646,0,159259.646,76.36,-1,0
8/12/2014,0,0,159259.646,0,159259.646,76.52,-1,0
9/12/2014,0,0,159259.646,0,159259.646,76.84,0,0
10/12/2014,0,0,159259.646,0,159259.646,76.18,-1,0
11/12/2014,0,0,159259.646,0,159259.646,77.73,-1,0
12/12/2014,0,0,159259.646,0,159259.646,77.83,0,0
15/12/2014,2068,2068,44.326,159215.32,159259.646,76.99,1,0
16/12/2014,0,2068,44.326,154458.92,154503.246,74.69,0,-0.029865695
17/12/2014,0,2068,44.326,157395.48,157439.806,76.11,0,0.019006462
18/12/2014,2068,0,162175.526,0,162175.526,78.4,-1,0.030079559
19/12/2014,0,0,162175.526,0,162175.526,79.88,-1,0
22/12/2014,0,0,162175.526,0,162175.526,81.45,-1,0
23/12/2014,2011,2011,68.816,162106.71,162175.526,80.61,1,0
24/12/2014,0,2011,68.816,162428.47,162497.286,80.77,1,0.001984023
26/12/2014,0,2011,68.816,162438.525,162507.341,80.775,0,6.19E-05
29/12/2014,0,2011,68.816,160920.22,160989.036,80.02,0,-0.009342993
30/12/2014,2011,0,159380.236,0,159380.236,79.22,-1,-0.009993227
31/12/2014,0,0,159380.236,0,159380.236,78.02,0,0
2/1/2015,2031,2031,48.286,159331.95,159380.236,78.45,1,0
5/1/2015,0,2031,48.286,156772.89,156821.176,77.19,0,-0.01605632
6/1/2015,2031,0,154708.936,0,154708.936,76.15,-1,-0.013469099
7/1/2015,0,0,154708.936,0,154708.936,76.15,0,0
8/1/2015,0,0,154708.936,0,154708.936,78.175,-1,0
9/1/2015,0,0,154708.936,0,154708.936,77.74,0,0
12/1/2015,0,0,154708.936,0,154708.936,76.72,0,0
13/1/2015,0,0,154708.936,0,154708.936,76.45,0,0
14/1/2015,0,0,154708.936,0,154708.936,76.28,0,0
15/1/2015,2089,2089,18.486,154690.45,154708.936,74.05,1,0
16/1/2015,0,2089,18.486,157051.02,157069.506,75.18,1,0.015258136
20/1/2015,0,2089,18.486,159265.36,159283.846,76.24,0,0.014097835
21/1/2015,0,2089,18.486,160309.86,160328.346,76.74,0,0.006557476
22/1/2015,0,2089,18.486,162210.85,162229.336,77.65,1,0.011856855
23/1/2015,0,2089,18.486,162586.87,162605.356,77.83,0,0.00231783
26/1/2015,0,2089,18.486,161887.055,161905.541,77.495,0,-0.004303764
27/1/2015,0,2089,18.486,158304.42,158322.906,75.78,1,-0.022127933
28/1/2015,0,2089,18.486,159265.36,159283.846,76.24,0,0.006069494
29/1/2015,0,2089,18.486,162942,162960.486,78,1,0.023082316
30/1/2015,0,2089,18.486,158575.99,158594.476,75.91,1,-0.026791832
2/2/2015,0,2089,18.486,156654.11,156672.596,74.99,1,-0.012118203
3/2/2015,2089,0,157529.086,0,157529.086,75.4,-1,0.005466751
4/2/2015,0,0,157529.086,0,157529.086,75.63,-1,0
5/2/2015,2083,2083,23.041,157506.045,157529.086,75.615,1,0
6/2/2015,0,2083,23.041,155121.01,155144.051,74.47,1,-0.015140283
9/2/2015,2083,0,155081.561,0,155081.561,74.44,-1,-0.000402787
10/2/2015,0,0,155081.561,0,155081.561,75.19,-1,0
11/2/2015,0,0,155081.561,0,155081.561,76.51,0,0
12/2/2015,0,0,155081.561,0,155081.561,76.23,0,0
13/2/2015,2047,2047,41.781,155039.78,155081.561,75.74,1,0
17/2/2015,0,2047,41.781,154753.2,154794.981,75.6,0,-0.001847931
18/2/2015,2047,0,157067.151,0,157067.151,76.71,-1,0.014678577
19/2/2015,0,0,157067.151,0,157067.151,79.42,-1,0
20/2/2015,0,0,157067.151,0,157067.151,79.895,-1,0
23/2/2015,0,0,157067.151,0,157067.151,78.84,0,0
24/2/2015,0,0,157067.151,0,157067.151,78.45,-1,0
25/2/2015,0,0,157067.151,0,157067.151,79.56,-1,0
26/2/2015,0,0,157067.151,0,157067.151,80.41,-1,0
27/2/2015,0,0,157067.151,0,157067.151,78.97,-1,0
2/3/2015,0,0,157067.151,0,157067.151,79.75,0,0
3/3/2015,0,0,157067.151,0,157067.151,79.6,0,0
4/3/2015,0,0,157067.151,0,157067.151,80.895,-1,0
5/3/2015,0,0,157067.151,0,157067.151,81.21,-1,0
6/3/2015,0,0,157067.151,0,157067.151,80.005,0,0
9/3/2015,0,0,157067.151,0,157067.151,79.44,-1,0
10/3/2015,0,0,157067.151,0,157067.151,77.55,0,0
11/3/2015,0,0,157067.151,0,157067.151,77.57,-1,0
12/3/2015,1989,1989,75.381,156991.77,157067.151,78.93,1,0
13/3/2015,0,1989,75.381,155241.45,155316.831,78.05,1,-0.011143769
16/3/2015,0,1989,75.381,155281.23,155356.611,78.07,0,0.000256122
17/3/2015,1989,0,157932.366,0,157932.366,79.365,-1,0.016579629
18/3/2015,0,0,157932.366,0,157932.366,80.91,-1,0
19/3/2015,0,0,157932.366,0,157932.366,82.75,0,0
20/3/2015,0,0,157932.366,0,157932.366,83.8,0,0
23/3/2015,1870,1870,48.266,157884.1,157932.366,84.43,1,0
24/3/2015,0,1870,48.266,159529.7,159577.966,85.31,0,0.01041965
25/3/2015,0,1870,48.266,155060.4,155108.666,82.92,1,-0.028006999
26/3/2015,0,1870,48.266,155228.7,155276.966,83.01,0,0.001085046
27/3/2015,0,1870,48.266,155771,155819.266,83.3,0,0.003492469
30/3/2015,0,1870,48.266,155574.65,155622.916,83.195,0,-0.001260114
31/3/2015,0,1870,48.266,153742.05,153790.316,82.215,1,-0.011775901
1/4/2015,0,1870,48.266,152713.55,152761.816,81.665,1,-0.006687677
2/4/2015,0,1870,48.266,152507.85,152556.116,81.555,1,-0.001346541
6/4/2015,0,1870,48.266,154162.8,154211.066,82.44,0,0.010848139
7/4/2015,0,1870,48.266,153938.4,153986.666,82.32,1,-0.001455148
8/4/2015,0,1870,48.266,153854.25,153902.516,82.275,0,-0.000546476
9/4/2015,0,1870,48.266,153657.9,153706.166,82.17,0,-0.001275808
10/4/2015,0,1870,48.266,153414.8,153463.066,82.04,0,-0.001581589
13/4/2015,0,1870,48.266,155228.7,155276.966,83.01,1,0.011819782
14/4/2015,0,1870,48.266,156173.05,156221.316,83.515,1,0.006081713
15/4/2015,1870,0,154706.616,0,154706.616,82.705,-1,-0.00969586
16/4/2015,0,0,154706.616,0,154706.616,82.31,-1,0
17/4/2015,1915,1915,22.491,154684.125,154706.616,80.775,1,0
20/4/2015,1915,0,159139.841,0,159139.841,83.09,-1,0.028655691
21/4/2015,0,0,159139.841,0,159139.841,83.62,0,0
22/4/2015,1880,1880,35.441,159104.4,159139.841,84.63,1,0
23/4/2015,0,1880,35.441,154930.8,154966.241,82.41,1,-0.026225991
24/4/2015,0,1880,35.441,153276.4,153311.841,81.53,1,-0.010675874
27/4/2015,1880,0,154026.241,0,154026.241,81.91,-1,0.004659784
28/4/2015,0,0,154026.241,0,154026.241,80.68,0,0
29/4/2015,1914,1914,16.231,154010.01,154026.241,80.465,1,0
30/4/2015,1914,0,150782.011,0,150782.011,78.77,-1,-0.02106284
1/5/2015,1908,1908,69.091,150712.92,150782.011,78.99,1,0
4/5/2015,0,1908,69.091,150369.48,150438.571,78.81,0,-0.002277725
5/5/2015,1908,0,148053.571,0,148053.571,77.56,-1,-0.015853647
6/5/2015,0,0,148053.571,0,148053.571,78.1,-1,0
7/5/2015,0,0,148053.571,0,148053.571,78.425,0,0
8/5/2015,0,0,148053.571,0,148053.571,78.51,-1,0
11/5/2015,0,0,148053.571,0,148053.571,78.01,0,0
12/5/2015,0,0,148053.571,0,148053.571,77.46,-1,0
13/5/2015,0,0,148053.571,0,148053.571,78.44,-1,0
14/5/2015,0,0,148053.571,0,148053.571,81.37,-1,0
15/5/2015,0,0,148053.571,0,148053.571,80.42,0,0
18/5/2015,0,0,148053.571,0,148053.571,80.88,-1,0
19/5/2015,0,0,148053.571,0,148053.571,80.63,0,0
20/5/2015,0,0,148053.571,0,148053.571,80.55,-1,0
21/5/2015,0,0,148053.571,0,148053.571,80.48,0,0
22/5/2015,0,0,148053.571,0,148053.571,80.54,-1,0
26/5/2015,0,0,148053.571,0,148053.571,79.335,0,0
27/5/2015,0,0,148053.571,0,148053.571,80.55,0,0
28/5/2015,0,0,148053.571,0,148053.571,80.145,0,0
29/5/2015,0,0,148053.571,0,148053.571,79.19,0,0
1/6/2015,0,0,148053.571,0,148053.571,80.29,0,0
2/6/2015,1840,1840,34.771,148018.8,148053.571,80.445,1,0
3/6/2015,1840,0,151724.371,0,151724.371,82.44,-1,0.024793728
4/6/2015,1849,1849,13.921,151710.45,151724.371,82.05,1,0
5/6/2015,0,1849,13.921,151876.86,151890.781,82.14,1,0.001096791
8/6/2015,0,1849,13.921,149158.83,149172.751,80.67,1,-0.017894634
9/6/2015,0,1849,13.921,149158.83,149172.751,80.67,0,0
10/6/2015,1849,0,151927.761,0,151927.761,82.16,-1,0.018468587
11/6/2015,0,0,151927.761,0,151927.761,81.83,0,0
12/6/2015,1863,1863,37.371,151890.39,151927.761,81.53,1,0
15/6/2015,0,1863,37.371,150362.73,150400.101,80.71,1,-0.010055174
16/6/2015,0,1863,37.371,151014.78,151052.151,81.06,1,0.004335436
17/6/2015,0,1863,37.371,152374.77,152412.141,81.79,1,0.009003447
18/6/2015,0,1863,37.371,154452.015,154489.386,82.905,1,0.013629131
19/6/2015,0,1863,37.371,153716.13,153753.501,82.51,0,-0.004763337
22/6/2015,1863,0,157907.991,0,157907.991,84.74,-1,0.027020458
23/6/2015,0,0,157907.991,0,157907.991,87.88,-1,0
24/6/2015,0,0,157907.991,0,157907.991,88.86,0,0
25/6/2015,0,0,157907.991,0,157907.991,87.98,0,0
26/6/2015,0,0,157907.991,0,157907.991,88.01,0,0
29/6/2015,1840,1840,35.991,157872,157907.991,85.8,1,0
30/6/2015,1840,0,157843.591,0,157843.591,85.765,-1,-0.000407832
1/7/2015,0,0,157843.591,0,157843.591,86.91,-1,0
2/7/2015,0,0,157843.591,0,157843.591,87.285,0,0
6/7/2015,1802,1802,78.491,157765.1,157843.591,87.55,1,0
7/7/2015,1802,0,157248.931,0,157248.931,87.22,-1,-0.0037674
8/7/2015,0,0,157248.931,0,157248.931,85.65,-1,0
9/7/2015,0,0,157248.931,0,157248.931,85.88,-1,0
10/7/2015,0,0,157248.931,0,157248.931,87.95,0,0
13/7/2015,0,0,157248.931,0,157248.931,90.1,-1,0
14/7/2015,0,0,157248.931,0,157248.931,89.68,-1,0
15/7/2015,0,0,157248.931,0,157248.931,89.76,-1,0
16/7/2015,0,0,157248.931,0,157248.931,90.85,-1,0
17/7/2015,0,0,157248.931,0,157248.931,94.97,-1,0
20/7/2015,0,0,157248.931,0,157248.931,97.91,-1,0
21/7/2015,0,0,157248.931,0,157248.931,98.39,-1,0
22/7/2015,0,0,157248.931,0,157248.931,97.04,0,0
23/7/2015,0,0,157248.931,0,157248.931,95.44,0,0
24/7/2015,0,0,157248.931,0,157248.931,96.95,-1,0
27/7/2015,0,0,157248.931,0,157248.931,94.17,-1,0
28/7/2015,0,0,157248.931,0,157248.931,95.29,0,0
29/7/2015,1621,1621,28.141,157220.79,157248.931,96.99,1,0
30/7/2015,0,1621,28.141,154335.41,154363.551,95.21,1,-0.018349123
31/7/2015,0,1621,28.141,152390.21,152418.351,94.01,1,-0.01260142
3/8/2015,0,1621,28.141,152600.94,152629.081,94.14,1,0.001382576
4/8/2015,0,1621,28.141,152471.26,152499.401,94.06,1,-0.000849641
5/8/2015,1621,0,156357.381,0,156357.381,96.44,-1,0.025298329
6/8/2015,0,0,156357.381,0,156357.381,95.12,0,0
7/8/2015,1658,1658,7.981,156349.4,156357.381,94.3,1,0
10/8/2015,0,1658,7.981,156100.7,156108.681,94.15,0,-0.001590587
11/8/2015,0,1658,7.981,155221.96,155229.941,93.62,1,-0.005629027
12/8/2015,0,1658,7.981,156167.02,156175.001,94.19,0,0.00608813
13/8/2015,0,1658,7.981,154906.94,154914.921,93.43,1,-0.008068385
14/8/2015,0,1658,7.981,156548.36,156556.341,94.42,1,0.010595622
17/8/2015,0,1658,7.981,155735.94,155743.921,93.93,1,-0.005189314
18/8/2015,0,1658,7.981,157791.86,157799.841,95.17,0,0.013200644
19/8/2015,0,1658,7.981,158023.98,158031.961,95.31,0,0.001470977
20/8/2015,0,1658,7.981,150148.48,150156.461,90.56,0,-0.049834856
21/8/2015,0,1658,7.981,142687.48,142695.461,86.06,1,-0.049688172
24/8/2015,0,1658,7.981,136105.22,136113.201,82.09,1,-0.046128026
25/8/2015,0,1658,7.981,137614,137621.981,83,1,0.011084744
26/8/2015,0,1658,7.981,144561.02,144569.001,87.19,0,0.050479
27/8/2015,0,1658,7.981,148772.34,148780.321,89.73,1,0.029130173
28/8/2015,0,1658,7.981,150894.58,150902.561,91.01,0,0.014264252
31/8/2015,0,1658,7.981,148274.94,148282.921,89.43,1,-0.017359811
1/9/2015,0,1658,7.981,144627.34,144635.321,87.23,1,-0.024598922
2/9/2015,0,1658,7.981,149037.62,149045.601,89.89,0,0.030492413
3/9/2015,0,1658,7.981,146152.7,146160.681,88.15,1,-0.019355955
4/9/2015,0,1658,7.981,146335.08,146343.061,88.26,1,0.001247805
8/9/2015,0,1658,7.981,148440.74,148448.721,89.53,0,0.01438852
9/9/2015,0,1658,7.981,149949.52,149957.501,90.44,1,0.010163644
10/9/2015,0,1658,7.981,152502.84,152510.821,91.98,1,0.017026958
11/9/2015,0,1658,7.981,152618.9,152626.881,92.05,1,0.000760995
14/9/2015,0,1658,7.981,153049.98,153057.961,92.31,0,0.002824404
15/9/2015,0,1658,7.981,154028.2,154036.181,92.9,0,0.006391174
16/9/2015,0,1658,7.981,154940.1,154948.081,93.45,1,0.005920038
17/9/2015,1658,0,156423.701,0,156423.701,94.34,-1,0.009523319
18/9/2015,0,0,156423.701,0,156423.701,94.4,0,0
21/9/2015,0,0,156423.701,0,156423.701,95.55,0,0
22/9/2015,1682,1682,64.981,156358.72,156423.701,92.96,1,0
23/9/2015,0,1682,64.981,158057.54,158122.521,93.97,1,0.010860375
24/9/2015,0,1682,64.981,158797.62,158862.601,94.41,1,0.004680421
25/9/2015,0,1682,64.981,156039.14,156104.121,92.77,1,-0.017363936
28/9/2015,0,1682,64.981,150051.22,150116.201,89.21,1,-0.0383585
29/9/2015,0,1682,64.981,145778.94,145843.921,86.67,0,-0.02845982
30/9/2015,1682,0,151276.781,0,151276.781,89.9,-1,0.037251193
1/10/2015,1663,1663,26.931,151249.85,151276.781,90.95,1,0
2/10/2015,1663,0,153139.341,0,153139.341,92.07,-1,0.012312266
5/10/2015,0,0,153139.341,0,153139.341,94.01,-1,0
6/10/2015,1650,1650,19.341,153120,153139.341,92.8,1,0
7/10/2015,1650,0,152479.341,0,152479.341,92.4,-1,-0.0043098
8/10/2015,0,0,152479.341,0,152479.341,92.47,0,0
9/10/2015,0,0,152479.341,0,152479.341,93.24,-1,0
13/10/2015,0,0,152479.341,0,152479.341,94.12,-1,0
14/10/2015,0,0,152479.341,0,152479.341,94.07,-1,0
15/10/2015,0,0,152479.341,0,152479.341,95.96,-1,0
16/10/2015,0,0,152479.341,0,152479.341,97.54,-1,0
19/10/2015,0,0,152479.341,0,152479.341,98.47,0,0
20/10/2015,0,0,152479.341,0,152479.341,97,-1,0
21/10/2015,0,0,152479.341,0,152479.341,97.11,-1,0
22/10/2015,0,0,152479.341,0,152479.341,99.67,0,0
23/10/2015,0,0,152479.341,0,152479.341,102.19,-1,0
26/10/2015,0,0,152479.341,0,152479.341,103.77,0,0
27/10/2015,0,0,152479.341,0,152479.341,103.7,0,0
28/10/2015,0,0,152479.341,0,152479.341,104.2,-1,0
29/10/2015,0,0,152479.341,0,152479.341,104.88,-1,0
30/10/2015,0,0,152479.341,0,152479.341,101.97,-1,0
2/11/2015,0,0,152479.341,0,152479.341,103.31,0,0
3/11/2015,0,0,152479.341,0,152479.341,102.58,0,0
4/11/2015,0,0,152479.341,0,152479.341,103.94,0,0
5/11/2015,0,0,152479.341,0,152479.341,108.76,-1,0
6/11/2015,0,0,152479.341,0,152479.341,107.095,0,0
9/11/2015,0,0,152479.341,0,152479.341,106.49,0,0
10/11/2015,0,0,152479.341,0,152479.341,107.91,-1,0
12/11/2015,1411,1411,63.121,152416.22,152479.341,108.02,1,0
13/11/2015,0,1411,63.121,146673.45,146736.571,103.95,0,-0.03766261
16/11/2015,0,1411,63.121,146800.44,146863.561,104.04,0,0.000865428
17/11/2015,1411,0,148401.551,0,148401.551,105.13,-1,0.010472237
18/11/2015,0,0,148401.551,0,148401.551,107.77,0,0
19/11/2015,0,0,148401.551,0,148401.551,106.26,0,0
20/11/2015,0,0,148401.551,0,148401.551,107.32,-1,0
23/11/2015,0,0,148401.551,0,148401.551,106.95,0,0
24/11/2015,1403,1403,48.331,148353.22,148401.551,105.74,1,0
25/11/2015,1403,0,147938.561,0,147938.561,105.41,-1,-0.003119846
27/11/2015,0,0,147938.561,0,147938.561,105.45,-1,0
30/11/2015,1419,1419,22.001,147916.56,147938.561,104.24,1,0
1/12/2015,1419,0,152025.281,0,152025.281,107.12,-1,0.027624441
2/12/2015,0,0,152025.281,0,152025.281,106.07,0,0
3/12/2015,0,0,152025.281,0,152025.281,104.38,0,0
4/12/2015,0,0,152025.281,0,152025.281,106.18,0,0
7/12/2015,1439,1439,52.491,151972.79,152025.281,105.61,1,0
8/12/2015,0,1439,52.491,153239.11,153291.601,106.49,1,0.008329667
9/12/2015,0,1439,52.491,150519.4,150571.891,104.6,1,-0.017742068
10/12/2015,0,1439,52.491,151699.38,151751.871,105.42,1,0.007836655
11/12/2015,0,1439,52.491,146950.68,147003.171,102.12,1,-0.03129253
14/12/2015,0,1439,52.491,150605.74,150658.231,104.66,0,0.024863817
15/12/2015,0,1439,52.491,150447.45,150499.941,104.55,0,-0.001050656
16/12/2015,0,1439,52.491,153670.81,153723.301,106.79,0,0.021417683
17/12/2015,0,1439,52.491,152850.58,152903.071,106.22,1,-0.005335756
18/12/2015,0,1439,52.491,149713.56,149766.051,104.04,1,-0.020516396
21/12/2015,0,1439,52.491,150764.03,150816.521,104.77,1,0.007014073
22/12/2015,0,1439,52.491,151828.89,151881.381,105.51,1,0.007060632
23/12/2015,0,1439,52.491,150562.57,150615.061,104.63,0,-0.008337559
24/12/2015,1439,0,151176.271,0,151176.271,105.02,-1,0.003726121
28/12/2015,1427,1427,14.161,151162.11,151176.271,105.93,1,0
29/12/2015,0,1427,14.161,153060.02,153074.181,107.26,0,0.012554285
30/12/2015,0,1427,14.161,151575.94,151590.101,106.22,0,-0.009695169
31/12/2015,0,1427,14.161,149349.82,149363.981,104.66,0,-0.014685128
4/1/2016,0,1427,14.161,145867.94,145882.101,102.22,1,-0.023311377
5/1/2016,0,1427,14.161,146595.71,146609.871,102.73,0,0.004988755
6/1/2016,0,1427,14.161,146938.19,146952.351,102.97,1,0.002335996
7/1/2016,1427,0,139746.001,0,139746.001,97.92,-1,-0.049038685
8/1/2016,0,0,139746.001,0,139746.001,97.33,0,0
11/1/2016,0,0,139746.001,0,139746.001,97.51,-1,0
12/1/2016,0,0,139746.001,0,139746.001,99.37,0,0
13/1/2016,0,0,139746.001,0,139746.001,95.44,0,0
14/1/2016,0,0,139746.001,0,139746.001,98.37,0,0
15/1/2016,1471,1471,45.131,139700.87,139746.001,94.97,1,0
19/1/2016,0,1471,45.131,140127.46,140172.591,95.26,0,0.00305261
20/1/2016,0,1471,45.131,138788.85,138833.981,94.35,1,-0.009549727
21/1/2016,0,1471,45.131,138509.36,138554.491,94.16,1,-0.002013124
22/1/2016,0,1471,45.131,144069.74,144114.871,97.94,1,0.040131359
25/1/2016,0,1471,45.131,142701.71,142746.841,97.01,1,-0.009492636
26/1/2016,1471,0,143232.271,0,143232.271,97.34,-1,0.003400636
27/1/2016,0,0,143232.271,0,143232.271,94.45,0,0
28/1/2016,0,0,143232.271,0,143232.271,109.11,-1,0
29/1/2016,0,0,143232.271,0,143232.271,112.21,-1,0
1/2/2016,0,0,143232.271,0,143232.271,115.09,0,0
2/2/2016,0,0,143232.271,0,143232.271,114.61,0,0
3/2/2016,0,0,143232.271,0,143232.271,112.69,0,0
4/2/2016,0,0,143232.271,0,143232.271,110.49,0,0
5/2/2016,1376,1376,31.951,143200.32,143232.271,104.07,1,0
8/2/2016,0,1376,31.951,137256,137287.951,99.75,0,-0.041501262
9/2/2016,0,1376,31.951,136967.04,136998.991,99.54,0,-0.002104773
10/2/2016,0,1376,31.951,138976,139007.951,101,1,0.01466405
11/2/2016,0,1376,31.951,140228.16,140260.111,101.91,0,0.00900783
12/2/2016,1376,0,140397.711,0,140397.711,102.01,-1,0.000981034
16/2/2016,1381,1381,74.301,140323.41,140397.711,101.61,1,0
17/2/2016,0,1381,74.301,145281.2,145355.501,105.2,1,0.03531247
18/2/2016,0,1381,74.301,142892.07,142966.371,103.47,1,-0.016436461
19/2/2016,0,1381,74.301,144411.17,144485.471,104.57,1,0.010625576
22/2/2016,1381,0,148062.261,0,148062.261,107.16,-1,0.024755361
23/2/2016,1403,1403,101.881,147960.38,148062.261,105.46,1,0
24/2/2016,0,1403,101.881,149952.64,150054.521,106.88,0,0.013455556
25/2/2016,0,1403,101.881,151622.21,151724.091,108.07,0,0.011126423
26/2/2016,1403,0,151513.641,0,151513.641,107.92,-1,-0.001387057
29/2/2016,1417,1417,8.001,151505.64,151513.641,106.92,1,0
1/3/2016,0,1417,8.001,155614.94,155622.941,109.82,1,0.02712165
2/3/2016,1417,0,155807.151,0,155807.151,109.95,-1,0.001183694
3/3/2016,0,0,155807.151,0,155807.151,109.58,0,0
4/3/2016,0,0,155807.151,0,155807.151,108.39,0,0
7/3/2016,0,0,155807.151,0,155807.151,105.73,0,0
8/3/2016,1470,1470,90.051,155717.1,155807.151,105.93,1,0
9/3/2016,0,1470,90.051,158039.7,158129.751,107.51,0,0.01490689
10/3/2016,0,1470,90.051,157760.4,157850.451,107.32,1,-0.001766271
11/3/2016,0,1470,90.051,160832.7,160922.751,109.41,0,0.019463359
14/3/2016,0,1470,90.051,161538.3,161628.351,109.89,1,0.004384713
15/3/2016,0,1470,90.051,162684.9,162774.951,110.67,0,0.007094052
16/3/2016,0,1470,90.051,164904.6,164994.651,112.18,1,0.013636619
17/3/2016,0,1470,90.051,163199.4,163289.451,111.02,1,-0.01033488
18/3/2016,1470,0,163921.551,0,163921.551,111.45,-1,0.00387104
21/3/2016,0,0,163921.551,0,163921.551,111.85,-1,0
22/3/2016,1460,1460,36.551,163885,163921.551,112.25,1,0
23/3/2016,0,1460,36.551,164308.4,164344.951,112.54,1,0.002582943
24/3/2016,1460,0,165089.551,0,165089.551,113.05,-1,0.004530714
28/3/2016,0,0,165089.551,0,165089.551,113.69,-1,0
29/3/2016,0,0,165089.551,0,165089.551,116.14,-1,0
30/3/2016,0,0,165089.551,0,165089.551,114.7,-1,0
31/3/2016,0,0,165089.551,0,165089.551,114.1,-1,0
1/4/2016,0,0,165089.551,0,165089.551,116.06,-1,0
4/4/2016,0,0,165089.551,0,165089.551,112.55,-1,0
5/4/2016,0,0,165089.551,0,165089.551,112.22,-1,0
6/4/2016,0,0,165089.551,0,165089.551,113.71,-1,0
7/4/2016,0,0,165089.551,0,165089.551,113.64,-1,0
8/4/2016,0,0,165089.551,0,165089.551,110.63,0,0
11/4/2016,0,0,165089.551,0,165089.551,108.99,-1,0
12/4/2016,0,0,165089.551,0,165089.551,110.61,0,0
13/4/2016,0,0,165089.551,0,165089.551,110.51,0,0
14/4/2016,0,0,165089.551,0,165089.551,110.84,0,0
15/4/2016,1505,1505,81.351,165008.2,165089.551,109.64,1,0
18/4/2016,1505,0,166308.601,0,166308.601,110.45,-1,0.007384174
19/4/2016,0,0,166308.601,0,166308.601,112.29,-1,0
20/4/2016,1479,1479,39.421,166269.18,166308.601,112.42,1,0
21/4/2016,0,1479,39.421,167777.76,167817.181,113.44,0,0.009070968
22/4/2016,0,1479,39.421,163518.24,163557.661,110.56,0,-0.025381907
25/4/2016,0,1479,39.421,162837.9,162877.321,110.1,1,-0.004159634
26/4/2016,0,1479,39.421,160856.04,160895.461,108.76,1,-0.012167808
27/4/2016,0,1479,39.421,161048.31,161087.731,108.89,1,0.001195
28/4/2016,1479,0,172683.091,0,172683.091,116.73,-1,0.071981646
29/4/2016,0,0,172683.091,0,172683.091,117.58,-1,0
2/5/2016,0,0,172683.091,0,172683.091,118.57,-1,0
3/5/2016,1470,1470,60.991,172622.1,172683.091,117.43,1,0
4/5/2016,0,1470,60.991,173548.2,173609.191,118.06,1,0.005363003
5/5/2016,1470,0,173241.691,0,173241.691,117.81,-1,-0.002116823
6/5/2016,1449,1449,100.681,173141.01,173241.691,119.49,1,0
9/5/2016,1449,0,172879.441,0,172879.441,119.24,-1,-0.002091009
10/5/2016,0,0,172879.441,0,172879.441,120.5,-1,0
11/5/2016,1446,1446,53.521,172825.92,172879.441,119.52,1,0
12/5/2016,0,1446,53.521,173924.88,173978.401,120.28,0,0.0063568
13/5/2016,0,1446,53.521,173245.26,173298.781,119.81,1,-0.003906347
16/5/2016,1446,0,171650.341,0,171650.341,118.67,-1,-0.009512127
17/5/2016,1462,1462,84.641,171565.7,171650.341,117.35,1,0
18/5/2016,0,1462,84.641,172004.3,172088.941,117.65,0,0.002555194
19/5/2016,0,1462,84.641,170776.22,170860.861,116.81,1,-0.00713631
20/5/2016,0,1462,84.641,171565.7,171650.341,117.35,1,0.004620602
23/5/2016,0,1462,84.641,169548.14,169632.781,115.97,0,-0.011753895
24/5/2016,1462,0,172162.041,0,172162.041,117.7,-1,0.014910208
25/5/2016,0,0,172162.041,0,172162.041,117.89,0,0
26/5/2016,1441,1441,5.771,172156.27,172162.041,119.47,1,0
27/5/2016,1441,0,172032.351,0,172032.351,119.38,-1,-0.000753302
31/5/2016,0,0,172032.351,0,172032.351,118.81,0,0
1/6/2016,0,0,172032.351,0,172032.351,118.78,0,0
2/6/2016,0,0,172032.351,0,172032.351,118.93,-1,0
3/6/2016,1452,1452,13.911,172018.44,172032.351,118.47,1,0
6/6/2016,1452,0,172496.991,0,172496.991,118.79,-1,0.002700887
7/6/2016,0,0,172496.991,0,172496.991,117.76,-1,0
8/6/2016,1457,1457,2.761,172494.23,172496.991,118.39,1,0
9/6/2016,0,1457,2.761,172741.92,172744.681,118.56,0,0.001435909
10/6/2016,0,1457,2.761,169915.34,169918.101,116.62,1,-0.016362761
13/6/2016,0,1457,2.761,166025.15,166027.911,113.95,1,-0.0228945
14/6/2016,0,1457,2.761,167467.58,167470.341,114.94,1,0.008687877
15/6/2016,0,1457,2.761,166972.2,166974.961,114.6,1,-0.002958016
16/6/2016,1457,0,166668.991,0,166668.991,114.39,-1,-0.00183243
17/6/2016,0,0,166668.991,0,166668.991,113.02,0,0
20/6/2016,0,0,166668.991,0,166668.991,113.37,-1,0
21/6/2016,0,0,166668.991,0,166668.991,114.38,-1,0
22/6/2016,0,0,166668.991,0,166668.991,113.91,-1,0
23/6/2016,0,0,166668.991,0,166668.991,115.08,-1,0
24/6/2016,1487,1487,6.031,166662.96,166668.991,112.08,1,0
27/6/2016,1487,0,162044.421,0,162044.421,108.97,-1,-0.027747033
28/6/2016,0,0,162044.421,0,162044.421,112.7,0,0
29/6/2016,0,0,162044.421,0,162044.421,114.16,0,0
30/6/2016,1417,1417,109.661,161934.76,162044.421,114.28,1,0
1/7/2016,0,1417,109.661,161807.23,161916.891,114.19,1,-0.000787006
5/7/2016,0,1417,109.661,161538,161647.661,114,1,-0.001662767
6/7/2016,0,1417,109.661,165363.9,165473.561,116.7,0,0.023668143
7/7/2016,0,1417,109.661,164159.45,164269.111,115.85,0,-0.007278806
8/7/2016,1417,0,166238.741,0,166238.741,117.24,-1,0.011990264
11/7/2016,0,0,166238.741,0,166238.741,117.87,-1,0
12/7/2016,0,0,166238.741,0,166238.741,117.93,-1,0
13/7/2016,0,0,166238.741,0,166238.741,116.78,0,0
14/7/2016,0,0,166238.741,0,166238.741,117.29,-1,0
15/7/2016,0,0,166238.741,0,166238.741,116.86,0,0
18/7/2016,0,0,166238.741,0,166238.741,119.37,0,0
19/7/2016,0,0,166238.741,0,166238.741,120.61,-1,0
20/7/2016,0,0,166238.741,0,166238.741,121.92,-1,0
21/7/2016,0,0,166238.741,0,166238.741,120.61,-1,0
22/7/2016,0,0,166238.741,0,166238.741,121,-1,0
25/7/2016,0,0,166238.741,0,166238.741,121.63,-1,0
26/7/2016,0,0,166238.741,0,166238.741,121.22,-1,0
27/7/2016,0,0,166238.741,0,166238.741,123.34,-1,0
28/7/2016,0,0,166238.741,0,166238.741,125,0,0
29/7/2016,0,0,166238.741,0,166238.741,123.94,-1,0
1/8/2016,0,0,166238.741,0,166238.741,124.31,-1,0
2/8/2016,0,0,166238.741,0,166238.741,123.09,-1,0
3/8/2016,0,0,166238.741,0,166238.741,122.51,-1,0
4/8/2016,0,0,166238.741,0,166238.741,124.36,0,0
5/8/2016,0,0,166238.741,0,166238.741,125.15,-1,0
8/8/2016,1327,1327,18.721,166220.02,166238.741,125.26,1,0
9/8/2016,0,1327,18.721,165954.62,165973.341,125.06,1,-0.001596499
10/8/2016,1327,0,165734.481,0,165734.481,124.88,-1,-0.001439147
11/8/2016,0,0,165734.481,0,165734.481,124.9,-1,0
12/8/2016,0,0,165734.481,0,165734.481,124.88,0,0
15/8/2016,0,0,165734.481,0,165734.481,123.9,-1,0
16/8/2016,0,0,165734.481,0,165734.481,123.3,-1,0
17/8/2016,0,0,165734.481,0,165734.481,124.37,-1,0
18/8/2016,0,0,165734.481,0,165734.481,123.91,-1,0
19/8/2016,0,0,165734.481,0,165734.481,123.56,0,0
22/8/2016,1334,1334,118.381,165616.1,165734.481,124.15,1,0
23/8/2016,0,1334,118.381,165909.58,166027.961,124.37,0,0.001770784
24/8/2016,0,1334,118.381,164722.32,164840.701,123.48,1,-0.007150964
25/8/2016,0,1334,118.381,165269.26,165387.641,123.89,1,0.003317991
26/8/2016,0,1334,118.381,166696.64,166815.021,124.96,0,0.008630512
29/8/2016,0,1334,118.381,168804.36,168922.741,126.54,1,0.012635073
30/8/2016,0,1334,118.381,167870.56,167988.941,125.84,1,-0.005527971
31/8/2016,0,1334,118.381,168244.08,168362.461,126.12,1,0.00222348
1/9/2016,0,1334,118.381,168310.78,168429.161,126.17,0,0.000396169
2/9/2016,0,1334,118.381,168764.34,168882.721,126.51,1,0.002692883
6/9/2016,1334,0,173178.201,0,173178.201,129.73,-1,0.025434692
7/9/2016,0,0,173178.201,0,173178.201,131.05,0,0
8/9/2016,1329,1329,49.371,173128.83,173178.201,130.27,1,0
9/9/2016,0,1329,49.371,168915.9,168965.271,127.1,1,-0.024327138
12/9/2016,0,1329,49.371,171029.01,171078.381,128.69,1,0.012506179
13/9/2016,0,1329,49.371,169062.09,169111.461,127.21,1,-0.011497186
14/9/2016,1329,0,169855.701,0,169855.701,127.77,-1,0.004400884
15/9/2016,0,0,169855.701,0,169855.701,128.35,-1,0
16/9/2016,0,0,169855.701,0,169855.701,129.07,-1,0
19/9/2016,1320,1320,37.701,169818,169855.701,128.65,1,0
20/9/2016,0,1320,37.701,169804.8,169842.501,128.64,0,-7.77E-05
21/9/2016,0,1320,37.701,171520.8,171558.501,129.94,0,0.010103478
22/9/2016,0,1320,37.701,171705.6,171743.301,130.08,1,0.001077184
23/9/2016,0,1320,37.701,168907.2,168944.901,127.96,1,-0.016294085
26/9/2016,1320,0,168086.901,0,168086.901,127.31,-1,-0.005078579
27/9/2016,0,0,168086.901,0,168086.901,128.69,-1,0
28/9/2016,0,0,168086.901,0,168086.901,129.23,0,0
29/9/2016,0,0,168086.901,0,168086.901,128.09,-1,0
30/9/2016,0,0,168086.901,0,168086.901,128.27,0,0
3/10/2016,0,0,168086.901,0,168086.901,128.77,0,0
4/10/2016,0,0,168086.901,0,168086.901,128.19,-1,0
5/10/2016,0,0,168086.901,0,168086.901,128.47,0,0
6/10/2016,0,0,168086.901,0,168086.901,128.74,0,0
7/10/2016,0,0,168086.901,0,168086.901,128.99,0,0
11/10/2016,1304,1304,27.381,168059.52,168086.901,128.88,1,0
12/10/2016,1304,0,168308.581,0,168308.581,129.05,-1,0.001318842
13/10/2016,0,0,168308.581,0,168308.581,127.82,-1,0
14/10/2016,1316,1316,18.501,168290.08,168308.581,127.88,1,0
17/10/2016,0,1316,18.501,167842.64,167861.141,127.54,0,-0.00265845
18/10/2016,0,1316,18.501,169198.12,169216.621,128.57,0,0.008075008
19/10/2016,1316,0,171243.261,0,171243.261,130.11,-1,0.011976601
20/10/2016,0,0,171243.261,0,171243.261,130,0,0
21/10/2016,0,0,171243.261,0,171243.261,132.07,-1,0
24/10/2016,0,0,171243.261,0,171243.261,133.28,-1,0
25/10/2016,0,0,171243.261,0,171243.261,132.29,-1,0
26/10/2016,0,0,171243.261,0,171243.261,131.04,0,0
27/10/2016,1320,1320,52.461,171190.8,171243.261,129.69,1,0
28/10/2016,0,1320,52.461,173302.8,173355.261,131.29,0,0.012333332
31/10/2016,0,1320,52.461,172906.8,172959.261,130.99,0,-0.002284326
1/11/2016,1320,0,170992.461,0,170992.461,129.5,-1,-0.011371464
2/11/2016,0,0,170992.461,0,170992.461,127.17,0,0
3/11/2016,1424,1424,112.461,170880,170992.461,120,1,0
4/11/2016,0,1424,112.461,171948,172060.461,120.75,1,0.006245889
7/11/2016,0,1424,112.461,173941.6,174054.061,122.15,1,0.011586625
8/11/2016,0,1424,112.461,176889.28,177001.741,124.22,1,0.016935428
9/11/2016,0,1424,112.461,175408.32,175520.781,123.18,1,-0.008366923
10/11/2016,0,1424,112.461,172019.2,172131.661,120.8,1,-0.019308939
14/11/2016,0,1424,112.461,163873.92,163986.381,115.08,0,-0.047320057
15/11/2016,0,1424,112.461,166892.8,167005.261,117.2,0,0.018409334
16/11/2016,0,1424,112.461,165668.16,165780.621,116.34,1,-0.007332943
17/11/2016,0,1424,112.461,167732.96,167845.421,117.79,0,0.012455014
18/11/2016,0,1424,112.461,166636.48,166748.941,117.02,0,-0.006532677
21/11/2016,0,1424,112.461,173400.48,173512.941,121.77,0,0.040563976
22/11/2016,0,1424,112.461,172973.28,173085.741,121.47,0,-0.002462064
23/11/2016,1424,0,172188.621,0,172188.621,120.84,-1,-0.005183096
25/11/2016,1430,1430,45.221,172143.4,172188.621,120.38,1,0
28/11/2016,1430,0,172231.521,0,172231.521,120.41,-1,0.000249145
29/11/2016,0,0,172231.521,0,172231.521,120.87,0,0
30/11/2016,0,0,172231.521,0,172231.521,118.42,0,0
1/12/2016,0,0,172231.521,0,172231.521,115.1,0,0
2/12/2016,0,0,172231.521,0,172231.521,115.4,0,0
5/12/2016,0,0,172231.521,0,172231.521,117.43,-1,0
6/12/2016,0,0,172231.521,0,172231.521,117.31,-1,0
7/12/2016,0,0,172231.521,0,172231.521,117.95,-1,0
8/12/2016,0,0,172231.521,0,172231.521,118.91,-1,0
9/12/2016,0,0,172231.521,0,172231.521,119.68,0,0
12/12/2016,0,0,172231.521,0,172231.521,117.77,0,0
13/12/2016,0,0,172231.521,0,172231.521,120.31,-1,0
14/12/2016,0,0,172231.521,0,172231.521,120.21,-1,0
15/12/2016,1428,1428,57.561,172173.96,172231.521,120.57,1,0
16/12/2016,0,1428,57.561,171174.36,171231.921,119.87,0,-0.005803816
19/12/2016,0,1428,57.561,170274.72,170332.281,119.24,0,-0.005253927
20/12/2016,0,1428,57.561,170060.52,170118.081,119.09,1,-0.001257542
21/12/2016,0,1428,57.561,169989.12,170046.681,119.04,0,-0.000419708
22/12/2016,1428,0,167704.761,0,167704.761,117.4,-1,-0.013772218
23/12/2016,0,0,167704.761,0,167704.761,117.27,0,0
27/12/2016,0,0,167704.761,0,167704.761,118.01,-1,0
28/12/2016,0,0,167704.761,0,167704.761,116.92,0,0
29/12/2016,1441,1441,44.411,167660.35,167704.761,116.35,1,0
30/12/2016,0,1441,44.411,165787.05,165831.461,115.05,1,-0.011170226
3/1/2017,0,1441,44.411,168395.26,168439.671,116.86,1,0.015728077
4/1/2017,0,1441,44.411,171032.29,171076.701,118.69,0,0.015655635
5/1/2017,1441,0,173929.881,0,173929.881,120.67,-1,0.016677782
6/1/2017,0,0,173929.881,0,173929.881,123.41,-1,0
9/1/2017,0,0,173929.881,0,173929.881,124.9,-1,0
10/1/2017,1398,1398,88.581,173841.3,173929.881,124.35,1,0
11/1/2017,1398,0,176362.401,0,176362.401,126.09,-1,0.013985636
12/1/2017,0,0,176362.401,0,176362.401,126.62,-1,0
13/1/2017,0,0,176362.401,0,176362.401,128.34,-1,0
17/1/2017,0,0,176362.401,0,176362.401,127.87,-1,0
18/1/2017,0,0,176362.401,0,176362.401,127.92,0,0
19/1/2017,0,0,176362.401,0,176362.401,127.55,0,0
20/1/2017,0,0,176362.401,0,176362.401,127.04,-1,0
23/1/2017,0,0,176362.401,0,176362.401,128.93,0,0
24/1/2017,1363,1363,31.091,176331.31,176362.401,129.37,1,0
25/1/2017,0,1363,31.091,179207.24,179238.331,131.48,1,0.016306934
26/1/2017,0,1363,31.091,180979.14,181010.231,132.78,0,0.00988572
27/1/2017,1363,0,180192.431,0,180192.431,132.18,-1,-0.004517977
30/1/2017,1375,1375,94.931,180097.5,180192.431,130.98,1,0
31/1/2017,1375,0,179284.931,0,179284.931,130.32,-1,-0.005036283
1/2/2017,0,0,179284.931,0,179284.931,133.23,0,0
2/2/2017,1370,1370,34.131,179250.8,179284.931,130.84,1,0
3/2/2017,0,1370,34.131,179442.6,179476.731,130.98,1,0.001069805
6/2/2017,0,1370,34.131,180922.2,180956.331,132.06,0,0.008243966
7/2/2017,0,1370,34.131,180620.8,180654.931,131.84,1,-0.001665595
8/2/2017,1370,0,183888.131,0,183888.131,134.2,-1,0.017897104
9/2/2017,1370,1370,116.331,183771.8,183888.131,134.14,1,0
10/2/2017,1370,0,183956.631,0,183956.631,134.19,-1,0.000372509
13/2/2017,0,0,183956.631,0,183956.631,134.05,0,0
14/2/2017,0,0,183956.631,0,183956.631,133.85,-1,0
15/2/2017,1378,1378,76.311,183880.32,183956.631,133.44,1,0
16/2/2017,1378,0,184507.831,0,184507.831,133.84,-1,0.002996358
17/2/2017,0,0,184507.831,0,184507.831,133.53,-1,0
21/2/2017,0,0,184507.831,0,184507.831,133.72,-1,0
22/2/2017,0,0,184507.831,0,184507.831,136.12,-1,0
23/2/2017,0,0,184507.831,0,184507.831,135.36,-1,0
24/2/2017,1362,1362,38.551,184469.28,184507.831,135.44,1,0
27/2/2017,0,1362,38.551,185790.42,185828.971,136.41,0,0.007160346
28/2/2017,0,1362,38.551,184605.48,184644.031,135.54,0,-0.006376508
1/3/2017,1362,0,187204.591,0,187204.591,137.42,-1,0.013867548
2/3/2017,1368,1368,116.911,187087.68,187204.591,136.76,1,0
3/3/2017,0,1368,116.911,187648.56,187765.471,137.17,1,0.00299608
6/3/2017,0,1368,116.911,187990.56,188107.471,137.42,1,0.001821421
7/3/2017,0,1368,116.911,187826.4,187943.311,137.3,0,-0.000872693
8/3/2017,0,1368,116.911,188400.96,188517.871,137.72,1,0.003057092
9/3/2017,0,1368,116.911,189112.32,189229.231,138.24,1,0.003773435
10/3/2017,1368,0,189981.631,0,189981.631,138.79,-1,0.00397613
13/3/2017,1360,1360,125.631,189856,189981.631,139.6,1,0
14/3/2017,0,1360,125.631,189475.2,189600.831,139.32,1,-0.002004404
15/3/2017,0,1360,125.631,190019.2,190144.831,139.72,0,0.002869186
16/3/2017,0,1360,125.631,190386.4,190512.031,139.99,0,0.00193116
17/3/2017,1360,0,190308.031,0,190308.031,139.84,-1,-0.001070799
20/3/2017,1359,1359,129.571,190178.46,190308.031,139.94,1,0
21/3/2017,0,1359,129.571,188235.09,188364.661,138.51,0,-0.010211708
22/3/2017,0,1359,129.571,189702.81,189832.381,139.59,1,0.007791907
23/3/2017,0,1359,129.571,189621.27,189750.841,139.53,0,-0.000429537
24/3/2017,0,1359,129.571,190722.06,190851.631,140.34,1,0.005801239
27/3/2017,0,1359,129.571,190694.88,190824.451,140.32,1,-0.000142414
28/3/2017,1359,0,192781.411,0,192781.411,141.76,-1,0.01025529
29/3/2017,0,0,192781.411,0,192781.411,142.65,-1,0
30/3/2017,0,0,192781.411,0,192781.411,142.41,-1,0
31/3/2017,0,0,192781.411,0,192781.411,142.05,-1,0
3/4/2017,1354,1354,134.291,192647.12,192781.411,142.28,1,0
4/4/2017,1354,0,192036.711,0,192036.711,141.73,-1,-0.003862924
5/4/2017,0,0,192036.711,0,192036.711,141.85,-1,0
6/4/2017,0,0,192036.711,0,192036.711,141.17,-1,0
7/4/2017,1364,1364,12.791,192023.92,192036.711,140.78,1,0
10/4/2017,0,1364,12.791,192378.56,192391.351,141.04,0,0.00184673
11/4/2017,1364,0,190863.671,0,190863.671,139.92,-1,-0.007940482
12/4/2017,0,0,190863.671,0,190863.671,139.58,0,0
13/4/2017,1369,1369,38.761,190824.91,190863.671,139.39,1,0
17/4/2017,0,1369,38.761,193603.98,193642.741,141.42,0,0.014560497
18/4/2017,0,1369,38.761,192974.24,193013.001,140.96,1,-0.003252071
19/4/2017,0,1369,38.761,194767.63,194806.391,142.27,1,0.00929155
20/4/2017,0,1369,38.761,196862.2,196900.961,143.8,0,0.01075206
21/4/2017,1369,0,196736.681,0,196736.681,143.68,-1,-0.000834328
24/4/2017,1352,1352,61.241,196675.44,196736.681,145.47,1,0
25/4/2017,1352,0,198115.721,0,198115.721,146.49,-1,0.007009572
26/4/2017,0,0,198115.721,0,198115.721,146.56,0,0
27/4/2017,0,0,198115.721,0,198115.721,147.7,-1,0
28/4/2017,0,0,198115.721,0,198115.721,150.25,-1,0
1/5/2017,0,0,198115.721,0,198115.721,152.46,-1,0
2/5/2017,0,0,198115.721,0,198115.721,152.78,-1,0
3/5/2017,1305,1305,16.721,198099,198115.721,151.8,1,0
4/5/2017,0,1305,16.721,196859.25,196875.971,150.85,0,-0.006257706
5/5/2017,0,1305,16.721,196063.2,196079.921,150.24,1,-0.004043409
8/5/2017,0,1305,16.721,197133.3,197150.021,151.06,0,0.005457469
9/5/2017,1305,0,196393.121,0,196393.121,150.48,-1,-0.003839208
10/5/2017,0,0,196393.121,0,196393.121,150.29,-1,0
11/5/2017,1308,1308,140.801,196252.32,196393.121,150.04,1,0
12/5/2017,0,1308,140.801,196631.64,196772.441,150.33,0,0.001931432
15/5/2017,1308,0,196589.321,0,196589.321,150.19,-1,-0.000930618
16/5/2017,0,0,196589.321,0,196589.321,149.78,-1,0
17/5/2017,1357,1357,27.871,196561.45,196589.321,144.85,1,0
18/5/2017,0,1357,27.871,200374.62,200402.491,147.66,1,0.019396628
19/5/2017,0,1357,27.871,200917.42,200945.291,148.06,0,0.002708549
22/5/2017,0,1357,27.871,201161.68,201189.551,148.24,0,0.001215555
23/5/2017,0,1357,27.871,200930.99,200958.861,148.07,1,-0.00114663
24/5/2017,0,1357,27.871,203604.28,203632.151,150.04,0,0.013302673
25/5/2017,1357,0,206237.591,0,206237.591,151.96,-1,0.012794836
26/5/2017,0,0,206237.591,0,206237.591,152.13,-1,0
30/5/2017,0,0,206237.591,0,206237.591,152.38,0,0
31/5/2017,0,0,206237.591,0,206237.591,151.46,-1,0
1/6/2017,0,0,206237.591,0,206237.591,151.53,0,0
2/6/2017,0,0,206237.591,0,206237.591,153.61,-1,0
5/6/2017,0,0,206237.591,0,206237.591,153.63,-1,0
6/6/2017,1349,1349,96.901,206140.69,206237.591,152.81,1,0
7/6/2017,0,1349,96.901,206558.88,206655.781,153.12,1,0.00202771
8/6/2017,1349,0,208800.691,0,208800.691,154.71,-1,0.010379143
9/6/2017,0,0,208800.691,0,208800.691,149.6,0,0
12/6/2017,1406,1406,94.051,208706.64,208800.691,148.44,1,0
13/6/2017,0,1406,94.051,211856.08,211950.131,150.68,1,0.015083475
14/6/2017,0,1406,94.051,211251.5,211345.551,150.25,1,-0.002852463
15/6/2017,0,1406,94.051,210618.8,210712.851,149.8,1,-0.002993676
16/6/2017,0,1406,94.051,211799.84,211893.891,150.64,0,0.005604974
19/6/2017,0,1406,94.051,214935.22,215029.271,152.87,0,0.014796934
20/6/2017,0,1406,94.051,214063.5,214157.551,152.25,1,-0.00405396
21/6/2017,1406,0,216491.511,0,216491.511,153.91,-1,0.010898332
22/6/2017,0,0,216491.511,0,216491.511,153.4,-1,0
23/6/2017,0,0,216491.511,0,216491.511,155.07,0,0
26/6/2017,0,0,216491.511,0,216491.511,153.59,-1,0
27/6/2017,0,0,216491.511,0,216491.511,150.58,0,0
28/6/2017,0,0,216491.511,0,216491.511,153.24,0,0
29/6/2017,0,0,216491.511,0,216491.511,151.04,0,0
30/6/2017,1433,1433,137.171,216354.34,216491.511,150.98,1,0
3/7/2017,0,1433,137.171,212700.19,212837.361,148.43,0,-0.016878953
5/7/2017,0,1433,137.171,215437.22,215574.391,150.34,1,0.012859725
6/7/2017,0,1433,137.171,213259.06,213396.231,148.82,1,-0.010103983
7/7/2017,0,1433,137.171,217013.52,217150.691,151.44,1,0.017593844
10/7/2017,0,1433,137.171,219965.5,220102.671,153.5,0,0.013594154
11/7/2017,0,1433,137.171,222501.91,222639.081,155.27,1,0.011523758
12/7/2017,1433,0,227840.871,0,227840.871,158.9,-1,0.023364227
13/7/2017,0,0,227840.871,0,227840.871,159.26,-1,0
14/7/2017,0,0,227840.871,0,227840.871,159.97,0,0
17/7/2017,0,0,227840.871,0,227840.871,159.73,-1,0
18/7/2017,0,0,227840.871,0,227840.871,162.86,-1,0
19/7/2017,0,0,227840.871,0,227840.871,164.14,-1,0
20/7/2017,0,0,227840.871,0,227840.871,164.53,-1,0
21/7/2017,0,0,227840.871,0,227840.871,164.43,-1,0
24/7/2017,0,0,227840.871,0,227840.871,166,0,0
25/7/2017,0,0,227840.871,0,227840.871,165.28,0,0
26/7/2017,0,0,227840.871,0,227840.871,165.61,0,0
27/7/2017,0,0,227840.871,0,227840.871,170.44,0,0
28/7/2017,0,0,227840.871,0,227840.871,172.45,0,0
31/7/2017,1346,1346,30.371,227810.5,227840.871,169.25,1,0
1/8/2017,0,1346,30.371,228631.56,228661.931,169.86,1,0.003603655