Date,positions,shares,cash,holdings,total,close,signal,returns
2012-09-12,2758.0,2758.0,22.5,99977.5,100000.0,36.25,0.0,
2012-09-13,0,2758.0,22.5,100501.51999999999,100524.01999999999,36.44,0.0,0.0052402
2012-09-14,,,,,,36.73,,
2012-09-17,,,,,,36.36,,
2012-09-18,,,,,,36.16,,
2012-09-19,,0,,0.0,,36.0,-1.0,
2012-09-20,0,0,,0.0,,35.98,-1.0,
2012-09-21,0,0,,0.0,,36.04,-1.0,
2012-09-24,0,0,,0.0,,35.66,-1.0,
2012-09-25,0,0,,0.0,,35.09,-1.0,
2012-09-26,0,0,,0.0,,35.39,-1.0,
2012-09-27,0,0,,0.0,,36.19,-1.0,
2012-09-28,0,0,,0.0,,35.79,-1.0,
2012-10-01,0,0,,0.0,,35.82,-1.0,
2012-10-02,0,0,,0.0,,26.21,-1.0,
2012-10-03,0,0,,0.0,,28.27,-1.0,
2012-10-04,0,0,,0.0,,27.34,-1.0,
2012-10-05,,,,,,26.86,1.0,
2012-10-09,0,,,,,26.33,0.0,
2012-10-10,0,,,,,26.54,0.0,
2012-10-11,0,,,,,26.41,0.0,
2012-10-12,,,,,,25.93,1.0,
2012-10-15,,,,,,25.59,1.0,
2012-10-16,,,,,,27.2,1.0,
2012-10-17,0,,,,,27.44,0.0,
2012-10-18,0,,,,,27.37,0.0,
2012-10-19,0,,,,,27.02,0.0,
2012-10-22,0,,,,,27.11,0.0,
2012-10-23,0,,,,,27.15,0.0,
2012-10-24,0,,,,,27.02,0.0,
2012-10-25,0,,,,,27.05,0.0,
2012-10-26,0,,,,,27.54,0.0,
2012-10-29,0,,,,,27.54,0.0,
2012-10-30,0,,,,,27.54,0.0,
2012-10-31,0,,,,,26.94,0.0,
2012-11-01,0,,,,,27.75,0.0,
2012-11-02,0,,,,,26.88,0.0,
2012-11-05,0,,,,,27.25,0.0,
2012-11-06,0,,,,,26.1,0.0,
2012-11-07,0,,,,,26.11,0.0,
2012-11-08,0,,,,,26.2,0.0,
2012-11-09,0,,,,,26.21,0.0,
2012-11-13,0,,,,,25.99,0.0,
2012-11-14,0,,,,,25.99,0.0,
2012-11-15,0,,,,,25.96,0.0,
2012-11-16,0,,,,,25.82,0.0,
2012-11-19,0,,,,,26.24,0.0,
2012-11-20,,0,,0.0,,26.15,-1.0,
2012-11-21,0,0,,0.0,,26.29,-1.0,
2012-11-23,0,0,,0.0,,26.75,-1.0,
2012-11-26,0,0,,0.0,,27.11,-1.0,
2012-11-27,0,0,,0.0,,26.81,-1.0,
2012-11-28,0,0,,0.0,,27.31,-1.0,
2012-11-29,0,0,,0.0,,28.42,-1.0,
2012-11-30,0,0,,0.0,,29.0,-1.0,
2012-12-03,0,0,,0.0,,29.09,-1.0,
2012-12-04,,,,,,29.18,1.0,
2012-12-05,,,,,,29.51,1.0,
2012-12-06,,,,,,30.17,1.0,
2012-12-07,,,,,,29.78,1.0,
2012-12-10,0,,,,,29.38,0.0,
2012-12-11,0,,,,,29.49,0.0,
2012-12-12,0,,,,,29.38,0.0,
2012-12-13,0,,,,,29.2,0.0,
2012-12-14,0,,,,,30.16,0.0,
2012-12-17,,0,,0.0,,30.88,-1.0,
2012-12-18,0,0,,0.0,,30.99,-1.0,
2012-12-19,0,0,,0.0,,31.06,-1.0,
2012-12-20,,,,,,31.41,1.0,
2012-12-21,,,,,,31.08,1.0,
2012-12-24,,,,,,31.15,1.0,
2012-12-26,,,,,,30.58,1.0,
2012-12-27,,,,,,30.67,1.0,
2012-12-28,0,,,,,30.82,0.0,
2012-12-31,0,,,,,30.99,0.0,
2013-01-02,,0,,0.0,,32.13,-1.0,
2013-01-03,0,0,,0.0,,31.97,-1.0,
2013-01-04,0,0,,0.0,,31.85,-1.0,
2013-01-07,,,,,,31.87,1.0,
2013-01-08,,,,,,31.79,1.0,
2013-01-09,,,,,,31.93,1.0,
2013-01-10,,,,,,32.14,1.0,
2013-01-11,,,,,,31.97,1.0,
2013-01-14,,,,,,31.93,1.0,
2013-01-15,,,,,,32.36,1.0,
2013-01-16,,,,,,31.97,1.0,
2013-01-17,,,,,,31.79,1.0,
2013-01-18,,,,,,32.09,1.0,
2013-01-22,0,,,,,32.9,0.0,
2013-01-23,0,,,,,33.06,0.0,
2013-01-24,0,,,,,33.35,0.0,
2013-01-25,0,,,,,33.66,0.0,
2013-01-28,0,,,,,34.02,0.0,
2013-01-29,,0,,0.0,,34.1,-1.0,
2013-01-30,0,0,,0.0,,33.79,-1.0,
2013-01-31,0,0,,0.0,,33.74,-1.0,
2013-02-01,,,,,,33.8,1.0,
2013-02-04,,,,,,33.23,1.0,
2013-02-05,,,,,,33.88,1.0,
2013-02-06,,,,,,34.67,1.0,
2013-02-07,,0,,0.0,,33.48,-1.0,
2013-02-08,0,0,,0.0,,33.99,-1.0,
2013-02-11,0,0,,0.0,,33.68,-1.0,
2013-02-12,0,0,,0.0,,34.03,-1.0,
2013-02-13,0,0,,0.0,,33.76,-1.0,
2013-02-14,,,,,,33.75,1.0,
2013-02-15,,0,,0.0,,33.41,-1.0,
2013-02-19,0,0,,0.0,,33.58,-1.0,
2013-02-20,0,0,,0.0,,33.2,-1.0,
2013-02-21,0,0,,0.0,,32.99,-1.0,
2013-02-22,0,0,,0.0,,33.15,-1.0,
2013-02-25,0,0,,0.0,,32.74,-1.0,
2013-02-26,0,0,,0.0,,32.76,-1.0,
2013-02-27,0,0,,0.0,,33.42,0.0,
2013-02-28,0,0,,0.0,,33.13,0.0,
2013-03-01,0,0,,0.0,,33.01,0.0,
2013-03-04,0,0,,0.0,,32.89,0.0,
2013-03-05,0,0,,0.0,,33.23,0.0,
2013-03-06,0,0,,0.0,,33.42,0.0,
2013-03-07,0,0,,0.0,,33.32,-1.0,
2013-03-08,0,0,,0.0,,33.54,-1.0,
2013-03-11,0,0,,0.0,,33.74,-1.0,
2013-03-12,0,0,,0.0,,33.31,-1.0,
2013-03-13,0,0,,0.0,,33.3,-1.0,
2013-03-14,0,0,,0.0,,33.67,-1.0,
2013-03-15,0,0,,0.0,,33.71,-1.0,
2013-03-18,0,0,,0.0,,33.83,0.0,
2013-03-19,0,0,,0.0,,33.83,0.0,
2013-03-20,0,0,,0.0,,34.0,0.0,
2013-03-21,0,0,,0.0,,33.6,0.0,
2013-03-22,0,0,,0.0,,33.77,0.0,
2013-03-25,0,0,,0.0,,33.6,0.0,
2013-03-26,0,0,,0.0,,33.78,0.0,
2013-03-27,0,0,,0.0,,34.04,0.0,
2013-03-28,0,0,,0.0,,33.93,0.0,
2013-04-01,0,0,,0.0,,33.35,0.0,
2013-04-02,0,0,,0.0,,33.13,0.0,
2013-04-03,0,0,,0.0,,32.43,0.0,
2013-04-04,0,0,,0.0,,32.66,0.0,
2013-04-05,0,0,,0.0,,32.34,0.0,
2013-04-08,0,0,,0.0,,32.67,0.0,
2013-04-09,0,0,,0.0,,32.51,0.0,
2013-04-10,0,0,,0.0,,33.22,-1.0,
2013-04-11,0,0,,0.0,,33.57,-1.0,
2013-04-12,0,0,,0.0,,33.52,0.0,
2013-04-15,0,0,,0.0,,32.35,0.0,
2013-04-16,0,0,,0.0,,32.9,0.0,
2013-04-17,0,0,,0.0,,32.58,0.0,
2013-04-18,0,0,,0.0,,32.41,-1.0,
2013-04-19,0,0,,0.0,,32.82,-1.0,
2013-04-22,0,0,,0.0,,32.9,-1.0,
2013-04-23,0,0,,0.0,,33.28,-1.0,
2013-04-24,0,0,,0.0,,33.23,-1.0,
2013-04-25,,,,,,33.31,1.0,
2013-04-26,,,,,,33.22,1.0,
2013-04-29,,,,,,33.45,1.0,
2013-04-30,,,,,,34.1,1.0,
2013-05-01,,,,,,33.26,1.0,
2013-05-02,,,,,,33.65,1.0,
2013-05-03,0,,,,,33.32,0.0,
2013-05-06,0,,,,,33.33,0.0,
2013-05-07,0,,,,,33.56,0.0,
2013-05-08,0,,,,,34.14,0.0,
2013-05-09,0,,,,,33.86,0.0,
2013-05-10,0,,,,,33.95,0.0,
2013-05-13,0,,,,,33.94,0.0,
2013-05-14,0,,,,,34.45,0.0,
2013-05-15,0,,,,,34.26,0.0,
2013-05-16,0,,,,,34.57,0.0,
2013-05-17,0,,,,,34.66,0.0,
2013-05-20,0,,,,,34.53,0.0,
2013-05-21,0,,,,,34.72,0.0,
2013-05-22,0,,,,,34.24,0.0,
2013-05-23,0,,,,,34.49,0.0,
2013-05-24,0,,,,,34.47,0.0,
2013-05-28,0,,,,,35.04,0.0,
2013-05-29,0,,,,,35.22,0.0,
2013-05-30,0,,,,,35.73,0.0,
2013-05-31,0,,,,,35.24,0.0,
2013-06-03,0,,,,,35.17,0.0,
2013-06-04,0,,,,,34.98,0.0,
2013-06-05,0,,,,,34.28,0.0,
2013-06-06,,0,,0.0,,34.8,-1.0,
2013-06-07,0,0,,0.0,,34.7,0.0,
2013-06-10,0,0,,0.0,,34.9,0.0,
2013-06-11,0,0,,0.0,,34.58,0.0,
2013-06-12,0,0,,0.0,,34.05,0.0,
2013-06-13,,,,,,34.34,1.0,
2013-06-14,,,,,,34.16,1.0,
2013-06-17,,,,,,34.5,1.0,
2013-06-18,,,,,,34.59,1.0,
2013-06-19,,,,,,33.98,1.0,
2013-06-20,,,,,,33.45,1.0,
2013-06-21,,,,,,33.07,1.0,
2013-06-24,,,,,,32.8,1.0,
2013-06-25,,,,,,32.97,1.0,
2013-06-26,,,,,,32.69,1.0,
2013-06-27,,,,,,32.8,1.0,
2013-06-28,,,,,,33.27,1.0,
2013-07-01,,,,,,34.12,1.0,
2013-07-02,,,,,,33.9,1.0,
2013-07-03,,,,,,34.15,1.0,
2013-07-05,,,,,,34.45,1.0,
2013-07-08,,,,,,34.54,1.0,
2013-07-09,,,,,,34.25,1.0,
2013-07-10,,,,,,33.72,1.0,
2013-07-11,,,,,,34.4,1.0,
2013-07-12,,,,,,34.56,1.0,
2013-07-15,,,,,,34.67,1.0,
2013-07-16,,,,,,34.43,1.0,
2013-07-17,,,,,,34.49,1.0,
2013-07-18,0,,,,,34.7,0.0,
2013-07-19,0,,,,,34.93,0.0,
2013-07-22,0,,,,,35.37,0.0,
2013-07-23,0,,,,,35.25,0.0,
2013-07-24,0,,,,,35.08,0.0,
2013-07-25,,,,,,35.39,,
2013-07-26,,,,,,35.13,,
2013-07-29,,,,,,34.86,,
2013-07-30,,,,,,34.92,,
2013-07-31,,,,,,35.05,,
2013-08-01,,,,,,36.52,,
2013-08-02,,0,,0.0,,37.45,-1.0,
2013-08-05,0,0,,0.0,,37.78,-1.0,
2013-08-06,0,0,,0.0,,37.62,-1.0,
2013-08-07,0,0,,0.0,,37.41,-1.0,
2013-08-08,0,0,,0.0,,37.83,-1.0,
2013-08-09,0,0,,0.0,,37.99,-1.0,
2013-08-12,0,0,,0.0,,37.89,-1.0,
2013-08-13,0,0,,0.0,,37.92,-1.0,
2013-08-14,0,0,,0.0,,37.93,-1.0,
2013-08-15,0,0,,0.0,,37.55,-1.0,
2013-08-16,0,0,,0.0,,37.44,-1.0,
2013-08-19,0,0,,0.0,,38.0,-1.0,
2013-08-20,0,0,,0.0,,38.25,-1.0,
2013-08-21,0,0,,0.0,,38.08,-1.0,
2013-08-22,0,0,,0.0,,38.5,-1.0,
2013-08-23,0,0,,0.0,,38.47,-1.0,
2013-08-26,0,0,,0.0,,38.6,-1.0,
2013-08-27,0,0,,0.0,,37.57,-1.0,
2013-08-28,0,0,,0.0,,38.08,-1.0,
2013-08-29,0,0,,0.0,,38.16,-1.0,
2013-08-30,0,0,,0.0,,37.51,-1.0,
2013-09-03,0,0,,0.0,,37.48,-1.0,
2013-09-04,,,,,,38.17,1.0,
2013-09-05,,,,,,38.43,1.0,
2013-09-06,,,,,,38.76,1.0,
2013-09-09,,,,,,39.46,1.0,
2013-09-10,,,,,,39.64,1.0,
2013-09-11,,,,,,39.67,1.0,
2013-09-12,,,,,,39.65,1.0,
2013-09-13,,,,,,39.66,1.0,
2013-09-16,,,,,,40.05,1.0,
2013-09-17,,,,,,40.64,1.0,
2013-09-18,,,,,,41.01,1.0,
2013-09-19,0,,,,,40.78,0.0,
2013-09-20,0,,,,,40.32,0.0,
2013-09-23,0,,,,,40.24,0.0,
2013-09-24,0,,,,,40.25,0.0,
2013-09-25,0,,,,,40.33,0.0,
2013-09-26,0,,,,,40.67,0.0,
2013-09-27,0,,,,,40.23,0.0,
2013-09-30,0,,,,,40.26,0.0,
2013-10-01,0,,,,,40.53,0.0,
2013-10-02,0,,,,,40.07,0.0,
2013-10-03,0,,,,,39.91,0.0,
2013-10-04,0,,,,,40.26,0.0,
2013-10-07,0,,,,,39.63,0.0,
2013-10-08,0,,,,,38.91,0.0,
2013-10-09,0,,,,,38.31,0.0,
2013-10-10,0,,,,,39.19,0.0,
2013-10-11,0,,,,,39.69,0.0,
2013-10-15,0,,,,,39.54,0.0,
2013-10-16,0,,,,,39.6,0.0,
2013-10-17,0,,,,,40.0,0.0,
2013-10-18,0,,,,,40.35,0.0,
2013-10-21,,0,,0.0,,40.51,-1.0,
2013-10-22,0,0,,0.0,,40.6,-1.0,
2013-10-23,0,0,,0.0,,40.93,-1.0,
2013-10-24,0,0,,0.0,,41.32,-1.0,
2013-10-25,0,0,,0.0,,41.37,-1.0,
2013-10-28,0,0,,0.0,,41.34,-1.0,
2013-10-29,0,0,,0.0,,41.9,-1.0,
2013-10-30,0,0,,0.0,,41.21,-1.0,
2013-10-31,0,0,,0.0,,40.77,-1.0,
2013-11-01,0,0,,0.0,,40.97,-1.0,
2013-11-04,0,0,,0.0,,41.42,-1.0,
2013-11-05,0,0,,0.0,,41.38,-1.0,
2013-11-06,0,0,,0.0,,41.42,-1.0,
2013-11-07,0,0,,0.0,,40.63,-1.0,
2013-11-08,0,0,,0.0,,41.62,-1.0,
2013-11-12,0,0,,0.0,,41.91,-1.0,
2013-11-13,0,0,,0.0,,42.38,-1.0,
2013-11-14,0,0,,0.0,,43.02,-1.0,
2013-11-15,0,0,,0.0,,43.48,-1.0,
2013-11-18,0,0,,0.0,,43.02,-1.0,
2013-11-19,0,0,,0.0,,43.04,-1.0,
2013-11-20,0,0,,0.0,,43.1,-1.0,
2013-11-21,0,0,,0.0,,43.86,0.0,
2013-11-22,0,0,,0.0,,44.08,0.0,
2013-11-25,0,0,,0.0,,44.45,0.0,
2013-11-26,0,0,,0.0,,44.57,0.0,
2013-11-27,0,0,,0.0,,44.5,0.0,
2013-11-29,0,0,,0.0,,44.39,0.0,
2013-12-02,0,0,,0.0,,44.71,0.0,
2013-12-03,,,,,,44.19,1.0,
2013-12-04,,,,,,43.91,1.0,
2013-12-05,,,,,,43.87,1.0,
2013-12-06,,,,,,44.21,1.0,
2013-12-09,,,,,,44.15,1.0,
2013-12-10,,,,,,43.6,1.0,
2013-12-11,,,,,,42.84,1.0,
2013-12-12,,,,,,43.47,1.0,
2013-12-13,,,,,,43.46,1.0,
2013-12-16,,,,,,43.19,1.0,
2013-12-17,,,,,,42.67,1.0,
2013-12-18,0,,,,,42.99,0.0,
2013-12-19,0,,,,,42.05,0.0,
2013-12-20,0,,,,,42.6,0.0,
2013-12-23,0,,,,,43.0,0.0,
2013-12-24,0,,,,,43.34,0.0,
2013-12-26,0,,,,,43.39,0.0,
2013-12-27,0,,,,,43.47,0.0,
2013-12-30,0,,,,,43.64,0.0,
2013-12-31,0,,,,,43.72,0.0,
2014-01-02,0,,,,,43.15,0.0,
2014-01-03,,,,,,43.17,1.0,
2014-01-06,,,,,,43.1,1.0,
2014-01-07,,,,,,43.54,1.0,
2014-01-08,,,,,,43.47,1.0,
2014-01-09,,,,,,43.62,1.0,
2014-01-10,,,,,,43.78,1.0,
2014-01-13,,,,,,43.12,1.0,
2014-01-14,0,,,,,43.66,0.0,
2014-01-15,0,,,,,43.43,0.0,
2014-01-16,0,,,,,44.0,0.0,
2014-01-17,,,,,,44.22,1.0,
2014-01-21,,,,,,44.61,1.0,
2014-01-22,,,,,,44.95,1.0,
2014-01-23,,,,,,44.9,1.0,
2014-01-24,,,,,,42.97,1.0,
2014-01-27,,0,,0.0,,42.22,-1.0,
2014-01-28,0,0,,0.0,,42.34,-1.0,
2014-01-29,0,0,,0.0,,41.5,-1.0,
2014-01-30,0,0,,0.0,,42.58,-1.0,
2014-01-31,0,0,,0.0,,42.72,-1.0,
2014-02-03,0,0,,0.0,,41.01,-1.0,
2014-02-04,0,0,,0.0,,41.72,-1.0,
2014-02-05,0,0,,0.0,,41.51,-1.0,
2014-02-06,0,0,,0.0,,40.74,-1.0,
2014-02-07,0,0,,0.0,,40.28,-1.0,
2014-02-10,0,0,,0.0,,40.68,-1.0,
2014-02-11,0,0,,0.0,,41.46,-1.0,
2014-02-12,0,0,,0.0,,42.26,0.0,
2014-02-13,0,0,,0.0,,42.45,0.0,
2014-02-14,0,0,,0.0,,42.74,0.0,
2014-02-18,,,,,,43.87,1.0,
2014-02-19,,0,,0.0,,43.49,-1.0,
2014-02-20,0,0,,0.0,,44.98,0.0,
2014-02-21,0,0,,0.0,,44.53,0.0,
2014-02-24,0,0,,0.0,,44.21,0.0,
2014-02-25,0,0,,0.0,,43.85,0.0,
2014-02-26,0,0,,0.0,,43.83,0.0,
2014-02-27,0,0,,0.0,,43.72,0.0,
2014-02-28,0,0,,0.0,,43.71,0.0,
2014-03-03,0,0,,0.0,,44.18,0.0,
2014-03-04,0,0,,0.0,,45.6,0.0,
2014-03-05,0,0,,0.0,,45.14,0.0,
2014-03-06,0,0,,0.0,,45.74,0.0,
2014-03-07,0,0,,0.0,,45.75,-1.0,
2014-03-10,0,0,,0.0,,45.74,-1.0,
2014-03-11,0,0,,0.0,,45.99,-1.0,
2014-03-12,0,0,,0.0,,46.27,-1.0,
2014-03-13,0,0,,0.0,,45.27,-1.0,
2014-03-14,0,0,,0.0,,45.21,-1.0,
2014-03-17,0,0,,0.0,,45.62,-1.0,
2014-03-18,0,0,,0.0,,45.63,-1.0,
2014-03-19,0,0,,0.0,,45.26,0.0,
2014-03-20,0,0,,0.0,,45.48,0.0,
2014-03-21,0,0,,0.0,,45.32,0.0,
2014-03-24,0,0,,0.0,,44.44,0.0,
2014-03-25,,,,,,42.72,1.0,
2014-03-26,,,,,,41.77,1.0,
2014-03-27,,0,,0.0,,41.87,-1.0,
2014-03-28,0,0,,0.0,,42.11,-1.0,
2014-03-31,0,0,,0.0,,43.02,-1.0,
2014-04-01,0,0,,0.0,,43.81,-1.0,
2014-04-02,0,0,,0.0,,43.8,-1.0,
2014-04-03,0,0,,0.0,,43.76,-1.0,
2014-04-04,0,0,,0.0,,43.07,-1.0,
2014-04-07,0,0,,0.0,,42.28,-1.0,
2014-04-08,0,0,,0.0,,42.64,0.0,
2014-04-09,0,0,,0.0,,43.1,0.0,
2014-04-10,0,0,,0.0,,42.07,-1.0,
2014-04-11,0,0,,0.0,,41.72,0.0,
2014-04-14,0,0,,0.0,,41.55,0.0,
2014-04-15,0,0,,0.0,,41.28,0.0,
2014-04-16,0,0,,0.0,,42.12,0.0,
2014-04-17,0,0,,0.0,,42.17,-1.0,
2014-04-21,0,0,,0.0,,42.39,-1.0,
2014-04-22,0,0,,0.0,,42.56,-1.0,
2014-04-23,0,0,,0.0,,42.28,-1.0,
2014-04-24,0,0,,0.0,,42.28,-1.0,
2014-04-25,0,0,,0.0,,41.69,-1.0,
2014-04-28,0,0,,0.0,,41.79,-1.0,
2014-04-29,0,0,,0.0,,41.71,-1.0,
2014-04-30,0,0,,0.0,,40.54,-1.0,
2014-05-01,0,0,,0.0,,40.99,-1.0,
2014-05-02,0,0,,0.0,,41.24,-1.0,
2014-05-05,0,0,,0.0,,41.19,-1.0,
2014-05-06,0,0,,0.0,,41.26,-1.0,
2014-05-07,0,0,,0.0,,42.14,0.0,
2014-05-08,,,,,,41.42,1.0,
2014-05-09,,,,,,41.54,1.0,
2014-05-12,,0,,0.0,,43.34,-1.0,
2014-05-13,0,0,,0.0,,42.7,-1.0,
2014-05-14,0,0,,0.0,,42.17,-1.0,
2014-05-15,0,0,,0.0,,42.13,-1.0,
2014-05-16,0,0,,0.0,,42.28,-1.0,
2014-05-19,0,0,,0.0,,42.56,-1.0,
2014-05-20,,,,,,41.38,1.0,
2014-05-21,,,,,,42.06,1.0,
2014-05-22,,,,,,42.56,1.0,
2014-05-23,,,,,,42.95,1.0,
2014-05-27,,,,,,43.41,1.0,
2014-05-28,,,,,,43.32,1.0,
2014-05-29,,,,,,43.48,1.0,
2014-05-30,,,,,,43.16,1.0,
2014-06-02,,,,,,43.34,1.0,
2014-06-03,,,,,,43.35,1.0,
2014-06-04,,,,,,43.45,1.0,
2014-06-05,,,,,,43.9,1.0,
2014-06-06,0,,,,,44.41,0.0,
2014-06-09,0,,,,,44.82,0.0,
2014-06-10,0,,,,,44.7,0.0,
2014-06-11,0,,,,,44.9,0.0,
2014-06-12,0,,,,,44.76,0.0,
2014-06-13,0,,,,,44.84,0.0,
2014-06-16,0,,,,,44.77,0.0,
2014-06-17,0,,,,,45.47,0.0,
2014-06-18,0,,,,,45.11,0.0,
2014-06-19,0,,,,,44.92,0.0,
2014-06-20,,0,,0.0,,44.58,-1.0,
2014-06-23,0,0,,0.0,,44.86,-1.0,
2014-06-24,0,0,,0.0,,44.44,-1.0,
2014-06-25,0,0,,0.0,,44.59,0.0,
2014-06-26,,,,,,44.46,1.0,
2014-06-27,,,,,,45.2,1.0,
2014-06-30,,,,,,45.85,1.0,
2014-07-01,,,,,,46.55,1.0,
2014-07-02,,,,,,46.52,1.0,
2014-07-03,,,,,,47.34,1.0,
2014-07-07,,,,,,47.08,1.0,
2014-07-08,,,,,,46.47,1.0,
2014-07-09,,,,,,46.32,1.0,
2014-07-10,,,,,,45.93,1.0,
2014-07-11,,,,,,46.09,1.0,
2014-07-14,,,,,,46.37,1.0,
2014-07-15,,,,,,46.39,1.0,
2014-07-16,,,,,,46.64,1.0,
2014-07-17,,,,,,46.27,1.0,
2014-07-18,,,,,,46.93,1.0,
2014-07-21,,,,,,46.69,1.0,
2014-07-22,,,,,,46.94,1.0,
2014-07-23,,,,,,46.82,1.0,
2014-07-24,,,,,,47.11,1.0,
2014-07-25,,,,,,46.8,1.0,
2014-07-28,,,,,,46.73,1.0,
2014-07-29,,,,,,46.4,1.0,
2014-07-30,0,,,,,46.56,0.0,
2014-07-31,0,,,,,45.25,0.0,
2014-08-01,,0,,0.0,,44.36,-1.0,
2014-08-04,0,0,,0.0,,44.55,-1.0,
2014-08-05,0,0,,0.0,,43.99,-1.0,
2014-08-06,0,0,,0.0,,44.15,-1.0,
2014-08-07,0,0,,0.0,,43.9,-1.0,
2014-08-08,0,0,,0.0,,44.0,-1.0,
2014-08-11,0,0,,0.0,,44.57,-1.0,
2014-08-12,0,0,,0.0,,44.6,-1.0,
2014-08-13,0,0,,0.0,,44.92,-1.0,
2014-08-14,0,0,,0.0,,45.12,-1.0,
2014-08-15,0,0,,0.0,,45.17,-1.0,
2014-08-18,0,0,,0.0,,45.68,-1.0,
2014-08-19,0,0,,0.0,,45.63,-1.0,
2014-08-20,0,0,,0.0,,45.86,-1.0,
2014-08-21,0,0,,0.0,,46.18,-1.0,
2014-08-22,0,0,,0.0,,46.21,-1.0,
2014-08-25,0,0,,0.0,,46.28,-1.0,
2014-08-26,0,0,,0.0,,46.74,-1.0,
2014-08-27,0,0,,0.0,,46.14,-1.0,
2014-08-28,0,0,,0.0,,45.87,-1.0,
2014-08-29,0,0,,0.0,,46.14,-1.0,
2014-09-02,0,0,,0.0,,46.58,-1.0,
2014-09-03,0,0,,0.0,,46.43,-1.0,
2014-09-04,0,0,,0.0,,46.43,-1.0,
2014-09-05,0,0,,0.0,,46.35,0.0,
2014-09-08,0,0,,0.0,,46.29,0.0,
2014-09-09,0,0,,0.0,,46.2,0.0,
2014-09-10,0,0,,0.0,,46.65,0.0,
2014-09-11,0,0,,0.0,,46.79,0.0,
2014-09-12,0,0,,0.0,,46.7,-1.0,
2014-09-15,0,0,,0.0,,46.4,-1.0,
2014-09-16,0,0,,0.0,,46.54,-1.0,
2014-09-17,0,0,,0.0,,46.29,-1.0,
2014-09-18,,,,,,48.98,1.0,
2014-09-19,,,,,,48.39,1.0,
2014-09-22,,,,,,47.63,1.0,
2014-09-23,,,,,,46.99,1.0,
2014-09-24,,,,,,47.33,1.0,
2014-09-25,,,,,,46.77,1.0,
2014-09-26,,,,,,46.97,1.0,
2014-09-29,,,,,,46.99,1.0,
2014-09-30,,,,,,47.02,1.0,
2014-10-01,,,,,,46.56,1.0,
2014-10-02,,,,,,47.6,1.0,
2014-10-03,,,,,,47.52,1.0,
2014-10-06,,,,,,46.99,1.0,
2014-10-07,,,,,,45.64,1.0,
2014-10-08,,,,,,45.65,1.0,
2014-10-09,,,,,,44.6,1.0,
2014-10-10,,,,,,43.53,1.0,
2014-10-14,,,,,,42.56,1.0,
2014-10-15,,,,,,42.2,1.0,
2014-10-16,,0,,0.0,,42.25,-1.0,
2014-10-17,0,0,,0.0,,43.41,-1.0,
2014-10-20,0,0,,0.0,,43.66,-1.0,
2014-10-21,0,0,,0.0,,44.79,-1.0,
2014-10-22,0,0,,0.0,,45.08,-1.0,
2014-10-23,0,0,,0.0,,45.63,-1.0,
2014-10-24,0,0,,0.0,,46.0,-1.0,
2014-10-27,0,0,,0.0,,46.45,-1.0,
2014-10-28,0,0,,0.0,,46.77,-1.0,
2014-10-29,0,0,,0.0,,46.88,-1.0,
2014-10-30,0,0,,0.0,,46.63,-1.0,
2014-10-31,0,0,,0.0,,46.66,-1.0,
2014-11-03,0,0,,0.0,,46.5,-1.0,
2014-11-04,0,0,,0.0,,46.89,-1.0,
2014-11-05,0,0,,0.0,,47.13,-1.0,
2014-11-06,0,0,,0.0,,47.54,-1.0,
2014-11-07,0,0,,0.0,,47.46,-1.0,
2014-11-10,0,0,,0.0,,48.08,-1.0,
2014-11-12,0,0,,0.0,,48.03,-1.0,
2014-11-13,0,0,,0.0,,47.74,-1.0,
2014-11-14,0,0,,0.0,,47.9,-1.0,
2014-11-17,0,0,,0.0,,47.21,-1.0,
2014-11-18,0,0,,0.0,,47.01,-1.0,
2014-11-19,0,0,,0.0,,48.4,-1.0,
2014-11-20,0,0,,0.0,,48.01,0.0,
2014-11-21,0,0,,0.0,,48.5,0.0,
2014-11-24,0,0,,0.0,,48.92,0.0,
2014-11-25,0,0,,0.0,,48.5,0.0,
2014-11-26,0,0,,0.0,,48.54,0.0,
2014-11-28,0,0,,0.0,,48.36,-1.0,
2014-12-01,0,0,,0.0,,47.67,-1.0,
2014-12-02,0,0,,0.0,,47.91,-1.0,
2014-12-03,0,0,,0.0,,47.94,-1.0,
2014-12-04,0,0,,0.0,,47.92,-1.0,
2014-12-05,0,0,,0.0,,47.7,-1.0,
2014-12-08,0,0,,0.0,,48.08,-1.0,
2014-12-09,0,0,,0.0,,47.95,-1.0,
2014-12-10,0,0,,0.0,,46.91,-1.0,
2014-12-11,0,0,,0.0,,47.17,-1.0,
2014-12-12,0,0,,0.0,,46.15,-1.0,
2014-12-15,0,0,,0.0,,46.11,-1.0,
2014-12-16,0,0,,0.0,,46.08,-1.0,
2014-12-17,0,0,,0.0,,46.93,-1.0,
2014-12-18,0,0,,0.0,,47.57,-1.0,
2014-12-19,0,0,,0.0,,47.89,-1.0,
2014-12-22,0,0,,0.0,,48.14,-1.0,
2014-12-23,0,0,,0.0,,48.16,-1.0,
2014-12-24,0,0,,0.0,,48.42,-1.0,
2014-12-26,0,0,,0.0,,48.35,-1.0,
2014-12-29,0,0,,0.0,,48.1,-1.0,
2014-12-30,0,0,,0.0,,48.16,-1.0,
2014-12-31,0,0,,0.0,,47.44,-1.0,
2015-01-02,0,0,,0.0,,47.69,-1.0,
2015-01-05,0,0,,0.0,,47.24,-1.0,
2015-01-06,0,0,,0.0,,48.61,-1.0,
2015-01-07,0,0,,0.0,,49.72,-1.0,
2015-01-08,0,0,,0.0,,51.22,-1.0,
2015-01-09,0,0,,0.0,,51.97,-1.0,
2015-01-12,0,0,,0.0,,51.94,-1.0,
2015-01-13,0,0,,0.0,,54.05,-1.0,
2015-01-14,0,0,,0.0,,53.7,-1.0,
2015-01-15,,,,,,52.9,1.0,
2015-01-16,,,,,,54.06,1.0,
2015-01-20,,,,,,53.7,1.0,
2015-01-21,,,,,,53.57,1.0,
2015-01-22,,,,,,54.37,1.0,
2015-01-23,,,,,,54.22,1.0,
2015-01-26,,,,,,54.55,1.0,
2015-01-27,,,,,,54.28,1.0,
2015-01-28,,,,,,53.89,1.0,
2015-01-29,,,,,,54.5,1.0,
2015-01-30,,,,,,53.82,1.0,
2015-02-02,,,,,,54.36,1.0,
2015-02-03,,,,,,54.83,1.0,
2015-02-04,,,,,,55.13,1.0,
2015-02-05,,,,,,55.5,1.0,
2015-02-06,,,,,,56.03,1.0,
2015-02-09,,,,,,56.91,1.0,
2015-02-10,,,,,,56.98,1.0,
2015-02-11,,,,,,56.58,1.0,
2015-02-12,,,,,,57.2,1.0,
2015-02-13,,,,,,57.2,1.0,
2015-02-17,,,,,,57.35,1.0,
2015-02-18,,,,,,57.32,1.0,
2015-02-19,,,,,,57.8,1.0,
2015-02-20,0,,,,,58.03,0.0,
2015-02-23,0,,,,,57.61,0.0,
2015-02-24,0,,,,,57.65,0.0,
2015-02-25,0,,,,,57.23,0.0,
2015-02-26,0,,,,,56.79,0.0,
2015-02-27,,0,,0.0,,56.11,-1.0,
2015-03-02,0,0,,0.0,,57.57,-1.0,
2015-03-03,0,0,,0.0,,57.32,-1.0,
2015-03-04,0,0,,0.0,,56.78,-1.0,
2015-03-05,0,0,,0.0,,55.4,-1.0,
2015-03-06,0,0,,0.0,,55.45,-1.0,
2015-03-09,0,0,,0.0,,55.66,-1.0,
2015-03-10,0,0,,0.0,,54.72,-1.0,
2015-03-11,0,0,,0.0,,55.83,-1.0,
2015-03-12,0,0,,0.0,,57.18,-1.0,
2015-03-13,0,0,,0.0,,56.74,-1.0,
2015-03-16,0,0,,0.0,,57.9,-1.0,
2015-03-17,0,0,,0.0,,58.41,-1.0,
2015-03-18,0,0,,0.0,,58.7,-1.0,
2015-03-19,0,0,,0.0,,58.62,-1.0,
2015-03-20,0,0,,0.0,,59.69,-1.0,
2015-03-23,0,0,,0.0,,60.18,-1.0,
2015-03-24,0,0,,0.0,,59.78,-1.0,
2015-03-25,0,0,,0.0,,59.32,-1.0,
2015-03-26,0,0,,0.0,,59.82,0.0,
2015-03-27,0,0,,0.0,,59.58,0.0,
2015-03-30,0,0,,0.0,,60.92,-1.0,
2015-03-31,0,0,,0.0,,61.31,-1.0,
2015-04-01,0,0,,0.0,,61.04,-1.0,
2015-04-02,0,0,,0.0,,61.51,-1.0,
2015-04-06,0,0,,0.0,,62.12,-1.0,
2015-04-07,0,0,,0.0,,61.28,-1.0,
2015-04-08,0,0,,0.0,,61.83,-1.0,
2015-04-09,0,0,,0.0,,60.75,-1.0,
2015-04-10,0,0,,0.0,,60.6,-1.0,
2015-04-13,0,0,,0.0,,60.32,-1.0,
2015-04-14,0,0,,0.0,,61.07,0.0,
2015-04-15,0,0,,0.0,,61.0,0.0,
2015-04-16,0,0,,0.0,,61.2,0.0,
2015-04-17,0,0,,0.0,,60.89,0.0,
2015-04-20,0,0,,0.0,,60.94,0.0,
2015-04-21,,,,,,60.87,1.0,
2015-04-22,,,,,,61.6,1.0,
2015-04-23,,,,,,62.25,1.0,
2015-04-24,,,,,,62.74,1.0,
2015-04-27,,,,,,62.96,1.0,
2015-04-28,,,,,,62.93,1.0,
2015-04-29,,,,,,62.6,1.0,
2015-04-30,,,,,,61.19,1.0,
2015-05-01,,,,,,62.35,1.0,
2015-05-04,,,,,,62.42,1.0,
2015-05-05,,,,,,62.04,1.0,
2015-05-06,0,,,,,61.46,0.0,
2015-05-07,0,,,,,61.6,0.0,
2015-05-08,,,,,,62.1,1.0,
2015-05-11,,,,,,61.83,1.0,
2015-05-12,,,,,,61.36,1.0,
2015-05-13,,,,,,61.83,1.0,
2015-05-14,,,,,,62.56,1.0,
2015-05-15,,,,,,62.48,1.0,
2015-05-18,,0,,0.0,,63.54,-1.0,
2015-05-19,0,0,,0.0,,63.6,-1.0,
2015-05-20,0,0,,0.0,,63.13,-1.0,
2015-05-21,0,0,,0.0,,63.01,-1.0,
2015-05-22,0,0,,0.0,,63.42,-1.0,
2015-05-26,0,0,,0.0,,63.2,-1.0,
2015-05-27,0,0,,0.0,,62.69,-1.0,
2015-05-28,0,0,,0.0,,62.65,-1.0,
2015-05-29,0,0,,0.0,,62.05,-1.0,
2015-06-01,0,0,,0.0,,62.15,-1.0,
2015-06-02,0,0,,0.0,,62.18,-1.0,
2015-06-03,0,0,,0.0,,62.48,0.0,
2015-06-04,0,0,,0.0,,62.0,0.0,
2015-06-05,0,0,,0.0,,61.8,0.0,
2015-06-08,0,0,,0.0,,61.38,0.0,
2015-06-09,0,0,,0.0,,61.43,0.0,
2015-06-10,0,0,,0.0,,61.72,0.0,
2015-06-11,0,0,,0.0,,62.0,0.0,
2015-06-12,0,0,,0.0,,61.89,0.0,
2015-06-15,0,0,,0.0,,61.22,0.0,
2015-06-16,0,0,,0.0,,61.7,0.0,
2015-06-17,0,0,,0.0,,61.78,0.0,
2015-06-18,0,0,,0.0,,61.96,0.0,
2015-06-19,0,0,,0.0,,61.87,0.0,
2015-06-22,0,0,,0.0,,62.0,0.0,
2015-06-23,0,0,,0.0,,63.23,0.0,
2015-06-24,0,0,,0.0,,63.1,0.0,
2015-06-25,0,0,,0.0,,63.32,0.0,
2015-06-26,0,0,,0.0,,63.75,0.0,
2015-06-29,,,,,,61.79,1.0,
2015-06-30,,,,,,61.55,1.0,
2015-07-01,,,,,,62.21,1.0,
2015-07-02,,,,,,62.02,1.0,
2015-07-06,,,,,,62.11,1.0,
2015-07-07,,,,,,62.91,1.0,
2015-07-08,,,,,,61.69,1.0,
2015-07-09,,,,,,62.23,1.0,
2015-07-10,,,,,,63.79,1.0,
2015-07-13,,,,,,64.14,1.0,
2015-07-14,,,,,,64.51,1.0,
2015-07-15,,,,,,64.81,1.0,
2015-07-16,,,,,,66.24,1.0,
2015-07-17,,,,,,66.02,1.0,
2015-07-20,,0,,0.0,,66.36,-1.0,
2015-07-21,0,0,,0.0,,66.3,-1.0,
2015-07-22,0,0,,0.0,,66.49,-1.0,
2015-07-23,0,0,,0.0,,66.55,-1.0,
2015-07-24,0,0,,0.0,,66.89,-1.0,
2015-07-27,0,0,,0.0,,65.73,-1.0,
2015-07-28,,,,,,66.0,1.0,
2015-07-29,0,,,,,66.91,0.0,
2015-07-30,,0,,0.0,,67.97,-1.0,
2015-07-31,0,0,,0.0,,68.16,-1.0,
2015-08-03,0,0,,0.0,,67.54,-1.0,
2015-08-04,0,0,,0.0,,66.96,-1.0,
2015-08-05,0,0,,0.0,,67.6,-1.0,
2015-08-06,0,0,,0.0,,66.51,-1.0,
2015-08-07,0,0,,0.0,,66.22,-1.0,
2015-08-10,0,0,,0.0,,66.79,-1.0,
2015-08-11,0,0,,0.0,,65.55,-1.0,
2015-08-12,0,0,,0.0,,63.95,-1.0,
2015-08-13,0,0,,0.0,,63.4,-1.0,
2015-08-14,0,0,,0.0,,64.08,0.0,
2015-08-17,0,0,,0.0,,64.45,0.0,
2015-08-18,0,0,,0.0,,64.42,0.0,
2015-08-19,0,0,,0.0,,64.28,0.0,
2015-08-20,0,0,,0.0,,62.74,-1.0,
2015-08-21,0,0,,0.0,,61.35,-1.0,
2015-08-24,0,0,,0.0,,58.18,0.0,
2015-08-25,0,0,,0.0,,57.78,0.0,
2015-08-26,0,0,,0.0,,60.14,0.0,
2015-08-27,,,,,,61.65,1.0,
2015-08-28,0,,,,,62.16,0.0,
2015-08-31,0,,,,,60.52,0.0,
2015-09-01,0,,,,,58.56,0.0,
2015-09-02,,,,,,59.89,1.0,
2015-09-03,,,,,,59.67,1.0,
2015-09-04,,,,,,58.66,1.0,
2015-09-08,,,,,,60.92,1.0,
2015-09-09,,,,,,60.09,1.0,
2015-09-10,,,,,,60.86,1.0,
2015-09-11,,,,,,61.02,1.0,
2015-09-14,0,,,,,59.85,0.0,
2015-09-15,0,,,,,60.73,0.0,
2015-09-16,0,,,,,60.65,0.0,
2015-09-17,,0,,0.0,,60.71,-1.0,
2015-09-18,,,,,,60.12,1.0,
2015-09-21,,,,,,61.82,1.0,
2015-09-22,,,,,,60.97,1.0,
2015-09-23,,0,,0.0,,61.41,-1.0,
2015-09-24,0,0,,0.0,,60.47,-1.0,
2015-09-25,0,0,,0.0,,61.32,-1.0,
2015-09-28,0,0,,0.0,,58.94,-1.0,
2015-09-29,0,0,,0.0,,58.24,-1.0,
2015-09-30,0,0,,0.0,,59.46,-1.0,
2015-10-01,0,0,,0.0,,57.95,-1.0,
2015-10-02,0,0,,0.0,,58.57,-1.0,
2015-10-05,0,0,,0.0,,59.23,-1.0,
2015-10-06,0,0,,0.0,,58.61,-1.0,
2015-10-07,,,,,,59.32,1.0,
2015-10-08,0,,,,,59.93,0.0,
2015-10-09,,,,,,60.0,1.0,
2015-10-13,,,,,,60.15,1.0,
2015-10-14,,,,,,59.19,1.0,
2015-10-15,0,,,,,59.85,0.0,
2015-10-16,,0,,0.0,,60.18,-1.0,
2015-10-19,0,0,,0.0,,60.79,-1.0,
2015-10-20,0,0,,0.0,,60.9,-1.0,
2015-10-21,0,0,,0.0,,60.46,-1.0,
2015-10-22,0,0,,0.0,,61.08,-1.0,
2015-10-23,0,0,,0.0,,61.8,-1.0,
2015-10-26,0,0,,0.0,,62.77,0.0,
2015-10-27,0,0,,0.0,,61.52,0.0,
2015-10-28,,,,,,63.05,1.0,
2015-10-29,,0,,0.0,,65.52,-1.0,
2015-10-30,0,0,,0.0,,67.0,-1.0,
2015-11-02,0,0,,0.0,,71.05,0.0,
2015-11-03,0,0,,0.0,,70.21,-1.0,
2015-11-04,,,,,,69.46,1.0,
2015-11-05,,0,,0.0,,68.62,-1.0,
2015-11-06,0,0,,0.0,,67.79,0.0,
2015-11-09,0,0,,0.0,,66.49,-1.0,
2015-11-10,0,0,,0.0,,67.25,0.0,
2015-11-12,0,0,,0.0,,66.77,-1.0,
2015-11-13,0,0,,0.0,,66.21,-1.0,
2015-11-16,0,0,,0.0,,68.03,0.0,
2015-11-17,0,0,,0.0,,69.19,-1.0,
2015-11-18,0,0,,0.0,,69.4,-1.0,
2015-11-19,0,0,,0.0,,69.42,0.0,
2015-11-20,0,0,,0.0,,69.34,0.0,
2015-11-23,0,0,,0.0,,69.52,0.0,
2015-11-24,0,0,,0.0,,70.08,0.0,
2015-11-25,0,0,,0.0,,69.96,0.0,
2015-11-27,0,0,,0.0,,70.61,0.0,
2015-11-30,0,0,,0.0,,70.12,0.0,
2015-12-01,0,0,,0.0,,70.56,0.0,
2015-12-02,0,0,,0.0,,70.39,0.0,
2015-12-03,0,0,,0.0,,69.64,0.0,
2015-12-04,0,0,,0.0,,71.87,-1.0,
2015-12-07,0,0,,0.0,,70.67,-1.0,
2015-12-08,0,0,,0.0,,70.48,-1.0,
2015-12-09,0,0,,0.0,,69.42,0.0,
2015-12-10,0,0,,0.0,,69.95,0.0,
2015-12-11,0,0,,0.0,,68.8,-1.0,
2015-12-14,0,0,,0.0,,69.62,-1.0,
2015-12-15,0,0,,0.0,,70.33,0.0,
2015-12-16,0,0,,0.0,,71.48,-1.0,
2015-12-17,,,,,,70.89,1.0,
2015-12-18,,0,,0.0,,71.52,-1.0,
2015-12-21,0,0,,0.0,,71.97,-1.0,
2015-12-22,0,0,,0.0,,71.54,-1.0,
2015-12-23,0,0,,0.0,,72.18,-1.0,
2015-12-24,0,0,,0.0,,72.35,-1.0,
2015-12-28,0,0,,0.0,,72.38,-1.0,
2015-12-29,0,0,,0.0,,72.85,-1.0,
2015-12-30,0,0,,0.0,,72.59,-1.0,
2015-12-31,0,0,,0.0,,72.13,-1.0,
2016-01-04,0,0,,0.0,,70.61,-1.0,
2016-01-05,0,0,,0.0,,71.14,-1.0,
2016-01-06,0,0,,0.0,,70.59,-1.0,
2016-01-07,,,,,,69.49,1.0,
2016-01-08,,,,,,68.5,1.0,
2016-01-11,0,,,,,68.13,0.0,
2016-01-12,0,,,,,69.2,0.0,
2016-01-13,,0,,0.0,,67.76,-1.0,
2016-01-14,0,0,,0.0,,68.0,-1.0,
2016-01-15,0,0,,0.0,,67.45,0.0,
2016-01-19,,,,,,66.59,1.0,
2016-01-20,,,,,,65.44,1.0,
2016-01-21,,,,,,65.58,1.0,
2016-01-22,0,,,,,66.99,0.0,
2016-01-25,0,,,,,66.31,0.0,
2016-01-26,0,,,,,66.08,0.0,
2016-01-27,,,,,,66.21,1.0,
2016-01-28,,,,,,66.55,1.0,
2016-01-29,,,,,,68.84,1.0,
2016-02-01,,,,,,67.74,1.0,
2016-02-02,,,,,,66.79,1.0,
2016-02-03,,,,,,66.32,1.0,
2016-02-04,,,,,,66.89,1.0,
2016-02-05,,0,,0.0,,65.29,-1.0,
2016-02-08,0,0,,0.0,,63.16,0.0,
2016-02-09,0,0,,0.0,,65.08,0.0,
2016-02-10,0,0,,0.0,,66.02,-1.0,
2016-02-11,,,,,,65.26,1.0,
2016-02-12,,,,,,67.26,1.0,
2016-02-16,0,,,,,68.58,0.0,
2016-02-17,0,,,,,70.06,0.0,
2016-02-18,0,,,,,70.64,0.0,
2016-02-19,0,,,,,71.55,0.0,
2016-02-22,0,,,,,72.83,0.0,
2016-02-23,0,,,,,72.75,0.0,
2016-02-24,0,,,,,71.45,0.0,
2016-02-25,0,,,,,72.56,0.0,
2016-02-26,,,,,,72.46,1.0,
2016-02-29,0,,,,,70.52,0.0,
2016-03-01,0,,,,,71.51,0.0,
2016-03-02,0,,,,,70.85,0.0,
2016-03-03,0,,,,,70.09,0.0,
2016-03-04,0,,,,,69.5,0.0,
2016-03-07,0,,,,,69.96,0.0,
2016-03-08,0,,,,,68.7,0.0,
2016-03-09,0,,,,,69.46,0.0,
2016-03-10,0,,,,,68.95,0.0,
2016-03-11,0,,,,,69.62,0.0,
2016-03-14,0,,,,,69.71,0.0,
2016-03-15,0,,,,,69.31,0.0,
2016-03-16,0,,,,,69.77,0.0,
2016-03-17,0,,,,,70.23,0.0,
2016-03-18,0,,,,,71.27,0.0,
2016-03-21,0,,,,,71.38,0.0,
2016-03-22,0,,,,,71.63,0.0,
2016-03-23,0,,,,,71.6,0.0,
2016-03-24,0,,,,,70.74,0.0,
2016-03-28,0,,,,,71.37,0.0,
2016-03-29,0,,,,,72.67,0.0,
2016-03-30,0,,,,,73.15,0.0,
2016-03-31,0,,,,,74.08,0.0,
2016-04-01,0,,,,,74.61,0.0,
2016-04-04,0,,,,,74.2,0.0,
2016-04-05,0,,,,,73.79,0.0,
2016-04-06,0,,,,,74.91,0.0,
2016-04-07,0,,,,,73.72,0.0,
2016-04-08,0,,,,,73.44,0.0,
2016-04-11,,,,,,73.14,1.0,
2016-04-12,,,,,,73.76,1.0,
2016-04-13,,,,,,74.07,1.0,
2016-04-14,,,,,,74.35,1.0,
2016-04-15,,,,,,74.64,1.0,
2016-04-18,,0,,0.0,,75.6,-1.0,
2016-04-19,0,0,,0.0,,75.93,0.0,
2016-04-20,0,0,,0.0,,75.56,0.0,
2016-04-21,0,0,,0.0,,75.16,0.0,
2016-04-22,0,0,,0.0,,75.39,0.0,
2016-04-25,0,0,,0.0,,75.34,0.0,
2016-04-26,0,0,,0.0,,75.97,0.0,
2016-04-27,0,0,,0.0,,76.36,0.0,
2016-04-28,0,0,,0.0,,75.29,-1.0,
2016-04-29,0,0,,0.0,,75.94,-1.0,
2016-05-02,0,0,,0.0,,76.0,-1.0,
2016-05-03,0,0,,0.0,,74.89,-1.0,
2016-05-04,0,0,,0.0,,74.75,-1.0,
2016-05-05,0,0,,0.0,,74.8,-1.0,
2016-05-06,0,0,,0.0,,75.38,-1.0,
2016-05-09,0,0,,0.0,,76.41,0.0,
2016-05-10,0,0,,0.0,,77.37,-1.0,
2016-05-11,0,0,,0.0,,76.59,-1.0,
2016-05-12,0,0,,0.0,,75.69,-1.0,
2016-05-13,,,,,,75.11,1.0,
2016-05-16,,0,,0.0,,74.99,-1.0,
2016-05-17,0,0,,0.0,,74.51,0.0,
2016-05-18,0,0,,0.0,,74.98,0.0,
2016-05-19,0,0,,0.0,,75.29,0.0,
2016-05-20,0,0,,0.0,,75.99,0.0,
2016-05-23,0,0,,0.0,,76.31,0.0,
2016-05-24,0,0,,0.0,,78.94,0.0,
2016-05-25,0,0,,0.0,,78.58,0.0,
2016-05-26,0,0,,0.0,,78.45,0.0,
2016-05-27,0,0,,0.0,,79.32,0.0,
2016-05-31,0,0,,0.0,,79.79,0.0,
2016-06-01,0,0,,0.0,,78.71,0.0,
2016-06-02,0,0,,0.0,,78.65,0.0,
2016-06-03,0,0,,0.0,,77.11,0.0,
2016-06-06,0,0,,0.0,,77.36,0.0,
2016-06-07,0,0,,0.0,,77.88,0.0,
2016-06-08,0,0,,0.0,,78.05,0.0,
2016-06-09,0,0,,0.0,,78.07,0.0,
2016-06-10,0,0,,0.0,,76.72,0.0,
2016-06-13,0,0,,0.0,,75.81,0.0,
2016-06-14,0,0,,0.0,,74.52,0.0,
2016-06-15,0,0,,0.0,,74.3,0.0,
2016-06-16,0,0,,0.0,,74.25,0.0,
2016-06-17,0,0,,0.0,,73.67,0.0,
2016-06-20,0,0,,0.0,,74.55,0.0,
2016-06-21,0,0,,0.0,,74.87,0.0,
2016-06-22,0,0,,0.0,,74.83,0.0,
2016-06-23,0,0,,0.0,,76.66,0.0,
2016-06-24,0,0,,0.0,,73.73,0.0,
2016-06-27,0,0,,0.0,,71.86,-1.0,
2016-06-28,0,0,,0.0,,73.81,-1.0,
2016-06-29,,,,,,74.91,1.0,
2016-06-30,,,,,,77.12,1.0,
2016-07-01,,,,,,76.93,1.0,
2016-07-05,,,,,,76.78,1.0,
2016-07-06,0,,,,,77.62,0.0,
2016-07-07,0,,,,,78.45,0.0,
2016-07-08,0,,,,,79.45,0.0,
2016-07-11,0,,,,,79.38,0.0,
2016-07-12,0,,,,,81.02,0.0,
2016-07-13,0,,,,,81.5,0.0,
2016-07-14,,0,,0.0,,81.71,-1.0,
2016-07-15,,,,,,81.49,1.0,
2016-07-18,0,,,,,81.17,0.0,
2016-07-19,0,,,,,81.97,0.0,
2016-07-20,0,,,,,82.56,0.0,
2016-07-21,0,,,,,82.47,0.0,
2016-07-22,,0,,0.0,,82.93,-1.0,
2016-07-25,0,0,,0.0,,82.97,0.0,
2016-07-26,0,0,,0.0,,83.56,0.0,
2016-07-27,,,,,,83.5,1.0,
2016-07-28,0,,,,,84.85,0.0,
2016-07-29,0,,,,,86.04,0.0,
2016-08-01,0,,,,,86.0,0.0,
2016-08-02,0,,,,,84.76,0.0,
2016-08-03,0,,,,,84.98,0.0,
2016-08-04,0,,,,,85.38,0.0,
2016-08-05,,0,,0.0,,86.82,-1.0,
2016-08-08,0,0,,0.0,,86.11,-1.0,
2016-08-09,0,0,,0.0,,86.22,-1.0,
2016-08-10,0,0,,0.0,,86.09,-1.0,
2016-08-11,0,0,,0.0,,86.13,0.0,
2016-08-12,0,0,,0.0,,86.29,0.0,
2016-08-15,0,0,,0.0,,87.5,0.0,
2016-08-16,0,0,,0.0,,86.65,0.0,
2016-08-17,0,0,,0.0,,87.0,0.0,
2016-08-18,0,0,,0.0,,87.17,0.0,
2016-08-19,0,0,,0.0,,87.32,0.0,
2016-08-22,0,0,,0.0,,87.38,0.0,
2016-08-23,0,0,,0.0,,87.65,0.0,
2016-08-24,0,0,,0.0,,88.11,0.0,
2016-08-25,0,0,,0.0,,88.66,0.0,
2016-08-26,0,0,,0.0,,88.91,0.0,
2016-08-29,,,,,,89.78,1.0,
2016-08-30,0,,,,,89.97,0.0,
2016-08-31,0,,,,,90.12,0.0,
2016-09-01,0,,,,,89.27,0.0,
2016-09-02,0,,,,,89.55,0.0,
2016-09-06,0,,,,,88.6,0.0,
2016-09-07,0,,,,,89.06,0.0,
2016-09-08,0,,,,,87.25,0.0,
2016-09-09,0,,,,,84.73,0.0,
2016-09-12,0,,,,,85.96,0.0,
2016-09-13,0,,,,,84.87,0.0,
2016-09-14,0,,,,,84.7,0.0,
2016-09-15,0,,,,,85.86,0.0,
2016-09-16,,,,,,85.36,1.0,
2016-09-19,,,,,,85.24,1.0,
2016-09-20,,,,,,85.66,1.0,
2016-09-21,0,,,,,86.74,0.0,
2016-09-22,0,,,,,86.77,0.0,
2016-09-23,0,,,,,86.4,0.0,
2016-09-26,0,,,,,85.48,0.0,
2016-09-27,0,,,,,85.31,0.0,
2016-09-28,0,,,,,84.9,0.0,
2016-09-29,0,,,,,83.52,0.0,
2016-09-30,0,,,,,83.94,0.0,
2016-10-03,0,,,,,83.51,0.0,
2016-10-04,0,,,,,83.02,0.0,
2016-10-05,,,,,,83.21,1.0,
2016-10-06,0,,,,,83.12,0.0,
2016-10-07,,,,,,82.66,1.0,
2016-10-11,0,,,,,80.1,0.0,
2016-10-12,0,,,,,81.92,0.0,
2016-10-13,0,,,,,81.96,0.0,
2016-10-14,,,,,,82.91,1.0,
2016-10-17,,,,,,82.92,1.0,
2016-10-18,0,,,,,83.0,0.0,
2016-10-19,0,,,,,82.93,0.0,
2016-10-20,0,,,,,82.43,0.0,
2016-10-21,0,,,,,82.9,0.0,
2016-10-24,0,,,,,83.22,0.0,
2016-10-25,0,,,,,83.19,0.0,
2016-10-26,0,,,,,82.93,0.0,
2016-10-27,0,,,,,79.6,0.0,
2016-10-28,,0,,0.0,,78.95,-1.0,
2016-10-31,0,0,,0.0,,80.19,-1.0,
2016-11-01,0,0,,0.0,,79.18,-1.0,
2016-11-02,0,0,,0.0,,78.82,0.0,
2016-11-03,0,0,,0.0,,79.08,0.0,
2016-11-04,0,0,,0.0,,79.37,0.0,
2016-11-07,0,0,,0.0,,80.86,0.0,
2016-11-08,0,0,,0.0,,81.08,0.0,
2016-11-09,0,0,,0.0,,81.79,0.0,
2016-11-10,0,0,,0.0,,81.17,0.0,
2016-11-14,0,0,,0.0,,77.56,0.0,
2016-11-15,0,0,,0.0,,77.51,0.0,
2016-11-16,0,0,,0.0,,77.93,0.0,
2016-11-17,0,0,,0.0,,79.5,0.0,
2016-11-18,0,0,,0.0,,79.69,0.0,
2016-11-21,0,0,,0.0,,80.41,0.0,
2016-11-22,,,,,,80.01,1.0,
2016-11-23,,0,,0.0,,80.19,-1.0,
2016-11-25,0,0,,0.0,,80.78,-1.0,
2016-11-28,0,0,,0.0,,80.28,-1.0,
2016-11-29,0,0,,0.0,,80.63,-1.0,
2016-11-30,0,0,,0.0,,78.8,-1.0,
2016-12-01,0,0,,0.0,,77.14,-1.0,
2016-12-02,0,0,,0.0,,79.33,-1.0,
2016-12-05,0,0,,0.0,,80.75,-1.0,
2016-12-06,0,0,,0.0,,79.49,-1.0,
2016-12-07,0,0,,0.0,,80.76,-1.0,
2016-12-08,0,0,,0.0,,80.7,-1.0,
2016-12-09,,,,,,81.46,1.0,
2016-12-12,,,,,,80.48,1.0,
2016-12-13,,,,,,81.04,1.0,
2016-12-14,,,,,,79.85,1.0,
2016-12-15,,,,,,80.54,1.0,
2016-12-16,,,,,,79.9,1.0,
2016-12-19,,,,,,80.25,1.0,
2016-12-20,,,,,,80.74,1.0,
2016-12-21,,,,,,79.66,1.0,
2016-12-22,,,,,,78.49,1.0,
2016-12-23,,0,,0.0,,78.59,-1.0,
2016-12-27,0,0,,0.0,,78.85,-1.0,
2016-12-28,0,0,,0.0,,78.36,-1.0,
2016-12-29,0,0,,0.0,,78.57,-1.0,
2016-12-30,0,0,,0.0,,78.78,-1.0,
2017-01-03,0,0,,0.0,,78.71,-1.0,
2017-01-04,0,0,,0.0,,80.71,-1.0,
2017-01-05,0,0,,0.0,,81.64,0.0,
2017-01-06,0,0,,0.0,,83.4,-1.0,
2017-01-09,,,,,,82.68,1.0,
2017-01-10,,,,,,81.52,1.0,
2017-01-11,,0,,0.0,,81.52,-1.0,
2017-01-12,0,0,,0.0,,81.25,-1.0,
2017-01-13,0,0,,0.0,,82.4,-1.0,
2017-01-17,0,0,,0.0,,81.1,-1.0,
2017-01-18,0,0,,0.0,,82.29,-1.0,
2017-01-19,0,0,,0.0,,81.16,-1.0,
2017-01-20,0,0,,0.0,,81.75,-1.0,
2017-01-23,0,0,,0.0,,82.13,-1.0,
2017-01-24,0,0,,0.0,,82.21,-1.0,
2017-01-25,0,0,,0.0,,82.72,-1.0,
2017-01-26,0,0,,0.0,,83.51,-1.0,
2017-01-27,0,0,,0.0,,82.76,-1.0,
2017-01-30,0,0,,0.0,,83.61,0.0,
2017-01-31,0,0,,0.0,,82.75,0.0,
2017-02-01,0,0,,0.0,,83.75,0.0,
2017-02-02,0,0,,0.0,,88.91,0.0,
2017-02-03,0,0,,0.0,,91.65,-1.0,
2017-02-06,0,0,,0.0,,93.07,-1.0,
2017-02-07,0,0,,0.0,,92.65,0.0,
2017-02-08,0,0,,0.0,,92.61,0.0,
2017-02-09,0,0,,0.0,,90.33,0.0,
2017-02-10,0,0,,0.0,,91.22,0.0,
2017-02-13,0,0,,0.0,,92.79,0.0,
2017-02-14,0,0,,0.0,,93.95,0.0,
2017-02-15,0,0,,0.0,,94.58,0.0,
2017-02-16,0,0,,0.0,,94.2,0.0,
2017-02-17,0,0,,0.0,,94.27,0.0,
2017-02-21,0,0,,0.0,,94.52,0.0,
2017-02-22,,,,,,94.95,1.0,
2017-02-23,,,,,,94.99,1.0,
2017-02-24,0,,,,,95.54,0.0,
2017-02-27,0,,,,,95.53,0.0,
2017-02-28,,0,,0.0,,94.59,-1.0,
2017-03-01,,,,,,95.88,1.0,
2017-03-02,0,,,,,94.95,0.0,
2017-03-03,,0,,0.0,,95.44,-1.0,
2017-03-06,0,0,,0.0,,94.75,-1.0,
2017-03-07,,,,,,95.45,1.0,
2017-03-08,0,,,,,94.46,0.0,
2017-03-09,,,,,,94.44,1.0,
2017-03-10,0,,,,,94.87,0.0,
2017-03-13,0,,,,,95.3,0.0,
2017-03-14,0,,,,,96.33,0.0,
2017-03-15,0,,,,,99.31,0.0,
2017-03-16,,,,,,97.67,1.0,
2017-03-17,0,,,,,97.33,0.0,
2017-03-20,0,,,,,97.42,0.0,
2017-03-21,0,,,,,95.55,0.0,
2017-03-22,,,,,,96.11,1.0,
2017-03-23,0,,,,,97.12,0.0,
2017-03-24,0,,,,,97.44,0.0,
2017-03-27,0,,,,,96.62,0.0,
2017-03-28,,,,,,96.61,1.0,
2017-03-29,0,,,,,96.4,0.0,
2017-03-30,0,,,,,96.71,0.0,
2017-03-31,0,,,,,97.19,0.0,
2017-04-03,0,,,,,96.76,0.0,
2017-04-04,0,,,,,96.59,0.0,
2017-04-05,0,,,,,97.85,0.0,
2017-04-06,0,,,,,97.79,0.0,
2017-04-07,0,,,,,97.93,0.0,
2017-04-10,0,,,,,97.25,0.0,
2017-04-11,0,,,,,97.5,0.0,
2017-04-12,,,,,,97.31,1.0,
2017-04-13,0,,,,,96.26,0.0,
2017-04-17,0,,,,,97.99,0.0,
2017-04-18,0,,,,,97.7,0.0,
2017-04-19,0,,,,,98.15,0.0,
2017-04-20,0,,,,,98.73,0.0,
2017-04-21,0,,,,,98.03,0.0,
2017-04-24,0,,,,,98.66,0.0,
2017-04-25,0,,,,,99.45,0.0,
2017-04-26,0,,,,,99.62,0.0,
2017-04-27,0,,,,,100.4,0.0,
2017-04-28,0,,,,,100.32,0.0,
2017-05-01,0,,,,,100.63,0.0,
2017-05-02,0,,,,,101.94,0.0,
2017-05-03,0,,,,,101.41,0.0,
2017-05-04,0,,,,,97.59,0.0,
2017-05-05,0,,,,,99.54,0.0,
2017-05-08,0,,,,,98.21,0.0,
2017-05-09,0,,,,,97.65,0.0,
2017-05-10,0,,,,,98.27,0.0,
2017-05-11,0,,,,,98.28,0.0,
2017-05-12,0,,,,,97.77,0.0,
2017-05-15,0,,,,,98.8,0.0,
2017-05-16,0,,,,,98.15,0.0,
2017-05-17,0,,,,,97.02,0.0,
2017-05-18,0,,,,,97.26,0.0,
2017-05-19,0,,,,,98.88,0.0,
2017-05-22,,,,,,99.36,1.0,
2017-05-23,0,,,,,98.91,0.0,
2017-05-24,0,,,,,100.01,0.0,
2017-05-25,,,,,,100.93,1.0,
2017-05-26,,,,,,100.51,1.0,
2017-05-30,,,,,,100.07,1.0,
2017-05-31,,,,,,101.73,1.0,
2017-06-01,,0,,0.0,,104.02,-1.0,
2017-06-02,0,0,,0.0,,104.46,-1.0,
2017-06-05,0,0,,0.0,,104.59,-1.0,
2017-06-06,0,0,,0.0,,104.17,-1.0,
2017-06-07,0,0,,0.0,,103.93,-1.0,
2017-06-08,,,,,,103.6,1.0,
2017-06-09,,,,,,104.02,1.0,
2017-06-12,,,,,,103.82,1.0,
2017-06-13,,0,,0.0,,105.9,-1.0,
2017-06-14,0,0,,0.0,,105.39,-1.0,
2017-06-15,,,,,,105.69,1.0,
2017-06-16,0,,,,,105.62,0.0,
2017-06-19,0,,,,,106.17,0.0,
2017-06-20,0,,,,,103.58,0.0,
2017-06-21,,,,,,101.83,1.0,
2017-06-22,,,,,,103.33,1.0,
2017-06-23,0,,,,,104.72,0.0,
2017-06-26,0,,,,,104.22,0.0,
2017-06-27,0,,,,,102.69,0.0,
2017-06-28,0,,,,,105.0,0.0,
2017-06-29,,,,,,104.07,1.0,
2017-06-30,0,,,,,102.99,0.0,
2017-07-03,0,,,,,102.79,0.0,
2017-07-05,,,,,,103.08,1.0,
2017-07-06,,,,,,102.28,1.0,
2017-07-07,0,,,,,102.54,0.0,
2017-07-10,0,,,,,102.99,0.0,
2017-07-11,,0,,0.0,,105.25,-1.0,
2017-07-12,0,0,,0.0,,105.4,0.0,
2017-07-13,0,0,,0.0,,106.1,0.0,
2017-07-14,0,0,,0.0,,107.45,0.0,
2017-07-17,0,0,,0.0,,106.98,0.0,
2017-07-18,0,0,,0.0,,106.98,0.0,
2017-07-19,0,0,,0.0,,107.59,-1.0,
2017-07-20,0,0,,0.0,,107.4,-1.0,
2017-07-21,0,0,,0.0,,108.15,-1.0,
2017-07-24,0,0,,0.0,,108.98,-1.0,
2017-07-25,0,0,,0.0,,110.26,0.0,
2017-07-26,0,0,,0.0,,110.35,0.0,
2017-07-27,0,0,,0.0,,109.81,0.0,
2017-07-28,0,0,,0.0,,110.37,0.0,
2017-07-31,0,0,,0.0,,108.95,0.0,
2017-08-01,0,0,,0.0,,110.49,0.0,
